path,index_path,value_path,index_shape,value_shape,index_dtype,value_dtype,index_len,gotthard_master_len,sample_ratio_vs_gotthard,matched_gotthard_trains,match_fraction_of_gotthard,exact_gotthard_order,time_resolution,sample_n,finite_n,finite_fraction,min,p01,median,p99,max,unique_n_sample
/Electron Diagnostic/Undulator setting/SASE02 gap,/Electron Diagnostic/Undulator setting/SASE02 gap/index,/Electron Diagnostic/Undulator setting/SASE02 gap/value,"(65,)","(65,)",uint32,float32,65,4330,0.015011547344110854,60,0.013856812933025405,0,sparse_train_indexed_monitor,65,65,1.0,15.88900089263916,15.88900089263916,15.908000946044922,15.926000595092773,15.926000595092773,4
/Electron Diagnostic/Undulator setting/SASE02 k value,/Electron Diagnostic/Undulator setting/SASE02 k value/index,/Electron Diagnostic/Undulator setting/SASE02 k value/value,"(65,)","(65,)",uint32,float32,65,4330,0.015011547344110854,60,0.013856812933025405,0,sparse_train_indexed_monitor,65,65,1.0,1.354708194732666,1.354708194732666,1.357254147529602,1.3599469661712646,1.3599469661712646,4
/Electron Diagnostic/Undulator setting/SASE03 k value,/Electron Diagnostic/Undulator setting/SASE03 k value/index,/Electron Diagnostic/Undulator setting/SASE03 k value/value,"(65,)","(65,)",uint32,float32,65,4330,0.015011547344110854,60,0.013856812933025405,0,sparse_train_indexed_monitor,65,65,1.0,1.3547255992889404,1.3547255992889404,1.357276439666748,1.3599743843078613,1.3599743843078613,4
/Electron Diagnostic/Undulator setting/SASE04 k value,/Electron Diagnostic/Undulator setting/SASE04 k value/index,/Electron Diagnostic/Undulator setting/SASE04 k value/value,"(65,)","(65,)",uint32,float32,65,4330,0.015011547344110854,60,0.013856812933025405,0,sparse_train_indexed_monitor,65,65,1.0,1.3546315431594849,1.3546315431594849,1.3571841716766357,1.3598841428756714,1.3598841428756714,4
/Electron Diagnostic/Undulator setting/SASE05 k value,/Electron Diagnostic/Undulator setting/SASE05 k value/index,/Electron Diagnostic/Undulator setting/SASE05 k value/value,"(65,)","(65,)",uint32,float32,65,4330,0.015011547344110854,60,0.013856812933025405,0,sparse_train_indexed_monitor,65,65,1.0,1.3546314239501953,1.3546314239501953,1.3571866750717163,1.359889268875122,1.359889268875122,4
/Electron Diagnostic/Undulator setting/SASE06 k value,/Electron Diagnostic/Undulator setting/SASE06 k value/index,/Electron Diagnostic/Undulator setting/SASE06 k value/value,"(65,)","(65,)",uint32,float32,65,4330,0.015011547344110854,60,0.013856812933025405,0,sparse_train_indexed_monitor,65,65,1.0,1.3546242713928223,1.3546242713928223,1.3571745157241821,1.3598718643188477,1.3598718643188477,4
/Electron Diagnostic/Undulator setting/SASE07 k value,/Electron Diagnostic/Undulator setting/SASE07 k value/index,/Electron Diagnostic/Undulator setting/SASE07 k value/value,"(65,)","(65,)",uint32,float32,65,4330,0.015011547344110854,60,0.013856812933025405,0,sparse_train_indexed_monitor,65,65,1.0,1.3546677827835083,1.3546677827835083,1.3572208881378174,1.3599212169647217,1.3599212169647217,4
/Electron Diagnostic/Undulator setting/SASE08 k value,/Electron Diagnostic/Undulator setting/SASE08 k value/index,/Electron Diagnostic/Undulator setting/SASE08 k value/value,"(64,)","(64,)",uint32,float32,64,4330,0.014780600461893764,59,0.013625866050808315,0,sparse_train_indexed_monitor,64,64,1.0,1.3547030687332153,1.3547030687332153,1.3572559356689453,1.3599560260772705,1.3599560260772705,4
/Electron Diagnostic/Undulator setting/SASE09 k value,/Electron Diagnostic/Undulator setting/SASE09 k value/index,/Electron Diagnostic/Undulator setting/SASE09 k value/value,"(65,)","(65,)",uint32,float32,65,4330,0.015011547344110854,60,0.013856812933025405,0,sparse_train_indexed_monitor,65,65,1.0,1.3546764850616455,1.3546764850616455,1.357224464416504,1.3599190711975098,1.3599190711975098,4
/Electron Diagnostic/Undulator setting/SASE10 k value,/Electron Diagnostic/Undulator setting/SASE10 k value/index,/Electron Diagnostic/Undulator setting/SASE10 k value/value,"(64,)","(64,)",uint32,float32,64,4330,0.014780600461893764,59,0.013625866050808315,0,sparse_train_indexed_monitor,64,64,1.0,1.3546494245529175,1.3546494245529175,1.3571950197219849,1.3598873615264893,1.3598873615264893,4
/Electron Diagnostic/Undulator setting/SASE11 k value,/Electron Diagnostic/Undulator setting/SASE11 k value/index,/Electron Diagnostic/Undulator setting/SASE11 k value/value,"(64,)","(64,)",uint32,float32,64,4330,0.014780600461893764,59,0.013625866050808315,0,sparse_train_indexed_monitor,64,64,1.0,1.3547284603118896,1.3547284603118896,1.3572746515274048,1.3599674701690674,1.3599674701690674,5
/Electron Diagnostic/Undulator setting/SASE12 k value,/Electron Diagnostic/Undulator setting/SASE12 k value/index,/Electron Diagnostic/Undulator setting/SASE12 k value/value,"(64,)","(64,)",uint32,float32,64,4330,0.014780600461893764,59,0.013625866050808315,0,sparse_train_indexed_monitor,64,64,1.0,1.3546721935272217,1.3546721935272217,1.357222080230713,1.3599189519882202,1.3599189519882202,5
/Electron Diagnostic/Undulator setting/SASE13 k value,/Electron Diagnostic/Undulator setting/SASE13 k value/index,/Electron Diagnostic/Undulator setting/SASE13 k value/value,"(66,)","(66,)",uint32,float32,66,4330,0.015242494226327945,61,0.014087759815242495,0,sparse_train_indexed_monitor,66,66,1.0,1.3547558784484863,1.3547558784484863,1.3571631908416748,1.3598591089248657,1.3598591089248657,5
/Electron Diagnostic/Undulator setting/afterburner gap,/Electron Diagnostic/Undulator setting/afterburner gap/index,/Electron Diagnostic/Undulator setting/afterburner gap/value,"(62,)","(62,)",uint32,float32,62,4330,0.014318706697459584,57,0.013163972286374134,0,sparse_train_indexed_monitor,62,62,1.0,219.99900817871094,219.99900817871094,219.99900817871094,219.99900817871094,219.99900817871094,1
/Electron Diagnostic/Undulator setting/afterburner shift,/Electron Diagnostic/Undulator setting/afterburner shift/index,/Electron Diagnostic/Undulator setting/afterburner shift/value,"(62,)","(62,)",uint32,float32,62,4330,0.014318706697459584,57,0.013163972286374134,0,sparse_train_indexed_monitor,62,62,1.0,-2.9999999242136255e-05,-2.9999999242136255e-05,-2.9999999242136255e-05,-2.9999999242136255e-05,-2.9999999242136255e-05,1
/Electron Diagnostic/Undulator setting/gap error,/Electron Diagnostic/Undulator setting/gap error/index,/Electron Diagnostic/Undulator setting/gap error/value,"(64,)","(64,)",uint32,float32,64,4330,0.014780600461893764,59,0.013625866050808315,0,sparse_train_indexed_monitor,64,64,1.0,0.0,0.0,0.0,1.0,1.0,2
/Electron Diagnostic/Undulator setting/set wavelength 1,/Electron Diagnostic/Undulator setting/set wavelength 1/index,/Electron Diagnostic/Undulator setting/set wavelength 1/value,"(68,)","(68,)",uint32,float32,68,4330,0.015704387990762125,63,0.014549653579676674,0,sparse_train_indexed_monitor,68,68,1.0,4.5750627517700195,4.5750627517700195,4.583519458770752,4.592007637023926,4.592007637023926,8
/Electron Diagnostic/Undulator setting/set wavelength 2,/Electron Diagnostic/Undulator setting/set wavelength 2/index,/Electron Diagnostic/Undulator setting/set wavelength 2/value,"(62,)","(62,)",uint32,float32,62,4330,0.014318706697459584,57,0.013163972286374134,0,sparse_train_indexed_monitor,62,62,1.0,4.099999904632568,4.099999904632568,4.099999904632568,4.099999904632568,4.099999904632568,1
/FL1/Beamlines/Attenuator/pressure aux,/FL1/Beamlines/Attenuator/pressure aux/index,/FL1/Beamlines/Attenuator/pressure aux/value,"(62,)","(62,)",uint32,float32,62,4330,0.014318706697459584,57,0.013163972286374134,0,sparse_train_indexed_monitor,62,62,1.0,0.0,0.0,0.0,0.0,0.0,1
/FL1/Electron Diagnostic/Bunch charge/at gun,/FL1/Electron Diagnostic/Bunch charge/at gun/index,/FL1/Electron Diagnostic/Bunch charge/at gun/value,"(4513,)","(4513, 802)",uint32,float32,4513,4330,1.0422632794457274,4330,1.0,0,train_resolved_array,199698,199698,1.0,-0.0008500000112690032,-0.00044999999227002263,0.0,0.10040000081062317,0.10294999927282333,132
/FL1/Experiment/BL1/ADQ412 GHz ADC/Backplane trigger 3/delay,/FL1/Experiment/BL1/ADQ412 GHz ADC/Backplane trigger 3/delay/index,/FL1/Experiment/BL1/ADQ412 GHz ADC/Backplane trigger 3/delay/value,"(62,)","(62,)",uint32,float32,62,4330,0.014318706697459584,57,0.013163972286374134,0,sparse_train_indexed_monitor,62,62,1.0,336815.0,336815.0,336815.0,336815.0,336815.0,1
/FL1/Experiment/BL1/ADQ412 GHz ADC/Backplane trigger 5/delay,/FL1/Experiment/BL1/ADQ412 GHz ADC/Backplane trigger 5/delay/index,/FL1/Experiment/BL1/ADQ412 GHz ADC/Backplane trigger 5/delay/value,"(62,)","(62,)",uint32,float32,62,4330,0.014318706697459584,57,0.013163972286374134,0,sparse_train_indexed_monitor,62,62,1.0,335949.0,335949.0,335949.0,335949.0,335949.0,1
/FL1/Experiment/BL1/CAMP/Even Lavie Valve/jet delay,/FL1/Experiment/BL1/CAMP/Even Lavie Valve/jet delay/index,/FL1/Experiment/BL1/CAMP/Even Lavie Valve/jet delay/value,"(62,)","(62,)",uint32,float32,62,4330,0.014318706697459584,57,0.013163972286374134,0,sparse_train_indexed_monitor,62,62,1.0,336896.0,336896.0,336896.0,336896.0,336896.0,1
/FL1/Experiment/BL2/ADQ412 GHz ADC/Backplane trigger 3/delay,/FL1/Experiment/BL2/ADQ412 GHz ADC/Backplane trigger 3/delay/index,/FL1/Experiment/BL2/ADQ412 GHz ADC/Backplane trigger 3/delay/value,"(62,)","(62,)",uint32,float32,62,4330,0.014318706697459584,57,0.013163972286374134,0,sparse_train_indexed_monitor,62,62,1.0,336927.0,336927.0,336927.0,336927.0,336927.0,1
/FL1/Experiment/BL2/ADQ412 GHz ADC/Backplane trigger 5/delay,/FL1/Experiment/BL2/ADQ412 GHz ADC/Backplane trigger 5/delay/index,/FL1/Experiment/BL2/ADQ412 GHz ADC/Backplane trigger 5/delay/value,"(62,)","(62,)",uint32,float32,62,4330,0.014318706697459584,57,0.013163972286374134,0,sparse_train_indexed_monitor,62,62,1.0,335949.0,335949.0,335949.0,335949.0,335949.0,1
/FL1/Photon Diagnostic/GMD/Expert stuff/TUNNEL/Keithley/K6517 OUTPUT,/FL1/Photon Diagnostic/GMD/Expert stuff/TUNNEL/Keithley/K6517 OUTPUT/index,/FL1/Photon Diagnostic/GMD/Expert stuff/TUNNEL/Keithley/K6517 OUTPUT/value,"(62,)","(62,)",uint32,float32,62,4330,0.014318706697459584,57,0.013163972286374134,0,sparse_train_indexed_monitor,62,62,1.0,0.0,0.0,0.0,0.0,0.0,1
/FL1/Photon Diagnostic/GMD/Expert stuff/TUNNEL/Keithley/K6517 RANGE.CODE,/FL1/Photon Diagnostic/GMD/Expert stuff/TUNNEL/Keithley/K6517 RANGE.CODE/index,/FL1/Photon Diagnostic/GMD/Expert stuff/TUNNEL/Keithley/K6517 RANGE.CODE/value,"(62,)","(62,)",uint32,float32,62,4330,0.014318706697459584,57,0.013163972286374134,0,sparse_train_indexed_monitor,62,62,1.0,0.0,0.0,0.0,0.0,0.0,1
/FL2/Beamlines/Attenuator/gas type,/FL2/Beamlines/Attenuator/gas type/index,/FL2/Beamlines/Attenuator/gas type/value,"(62,)","(62,)",uint32,float32,62,4330,0.014318706697459584,57,0.013163972286374134,0,sparse_train_indexed_monitor,62,62,1.0,1.0,1.0,1.0,1.0,1.0,1
/FL2/Beamlines/Attenuator/pressure,/FL2/Beamlines/Attenuator/pressure/index,/FL2/Beamlines/Attenuator/pressure/value,"(411,)","(411,)",uint32,float32,411,4330,0.09491916859122401,390,0.09006928406466513,0,sparse_train_indexed_monitor,411,411,1.0,-0.000934988260269165,-0.0009249895811080933,-0.0008824914693832397,-0.0008276231586933136,-0.000804997980594635,78
/FL2/Beamlines/Fast Shutter/shutter,/FL2/Beamlines/Fast Shutter/shutter/index,/FL2/Beamlines/Fast Shutter/shutter/value,"(4513,)","(4513, 100)",uint32,float32,4513,4330,1.0422632794457274,4330,1.0,0,train_resolved_matrix_small_axis,200000,200000,1.0,0.0024000389967113733,0.008400038816034794,0.9865599870681763,0.9916000366210938,0.9985600113868713,413
/FL2/Beamlines/Filters/3rd harmonic transmission filter wheel 1,/FL2/Beamlines/Filters/3rd harmonic transmission filter wheel 1/index,/FL2/Beamlines/Filters/3rd harmonic transmission filter wheel 1/value,"(62,)","(62,)",uint32,float32,62,4330,0.014318706697459584,57,0.013163972286374134,0,sparse_train_indexed_monitor,62,62,1.0,1.0,1.0,1.0,1.0,1.0,1
/FL2/Beamlines/Filters/3rd harmonic transmission filter wheel 2,/FL2/Beamlines/Filters/3rd harmonic transmission filter wheel 2/index,/FL2/Beamlines/Filters/3rd harmonic transmission filter wheel 2/value,"(62,)","(62,)",uint32,float32,62,4330,0.014318706697459584,57,0.013163972286374134,0,sparse_train_indexed_monitor,62,62,1.0,1.0,1.0,1.0,1.0,1.0,1
/FL2/Beamlines/Filters/fundamental transmission filter wheel 1,/FL2/Beamlines/Filters/fundamental transmission filter wheel 1/index,/FL2/Beamlines/Filters/fundamental transmission filter wheel 1/value,"(62,)","(62,)",uint32,float32,62,4330,0.014318706697459584,57,0.013163972286374134,0,sparse_train_indexed_monitor,62,62,1.0,1.0,1.0,1.0,1.0,1.0,1
/FL2/Beamlines/Filters/fundamental transmission filter wheel 2,/FL2/Beamlines/Filters/fundamental transmission filter wheel 2/index,/FL2/Beamlines/Filters/fundamental transmission filter wheel 2/value,"(62,)","(62,)",uint32,float32,62,4330,0.014318706697459584,57,0.013163972286374134,0,sparse_train_indexed_monitor,62,62,1.0,1.0,1.0,1.0,1.0,1.0,1
/FL2/Beamlines/Filters/position filter 1,/FL2/Beamlines/Filters/position filter 1/index,/FL2/Beamlines/Filters/position filter 1/value,"(62,)","(62,)",uint32,float32,62,4330,0.014318706697459584,57,0.013163972286374134,0,sparse_train_indexed_monitor,62,62,1.0,0.0,0.0,0.0,0.0,0.0,1
/FL2/Beamlines/Filters/position filter 2,/FL2/Beamlines/Filters/position filter 2/index,/FL2/Beamlines/Filters/position filter 2/value,"(62,)","(62,)",uint32,float32,62,4330,0.014318706697459584,57,0.013163972286374134,0,sparse_train_indexed_monitor,62,62,1.0,0.0,0.0,0.0,0.0,0.0,1
/FL2/Beamlines/Hall Apertures/position aperture3 horizontal,/FL2/Beamlines/Hall Apertures/position aperture3 horizontal/index,/FL2/Beamlines/Hall Apertures/position aperture3 horizontal/value,"(62,)","(62,)",uint32,float32,62,4330,0.014318706697459584,57,0.013163972286374134,0,sparse_train_indexed_monitor,62,62,1.0,0.0,0.0,0.0,0.0,0.0,1
/FL2/Beamlines/Hall Apertures/position aperture3 vertical,/FL2/Beamlines/Hall Apertures/position aperture3 vertical/index,/FL2/Beamlines/Hall Apertures/position aperture3 vertical/value,"(62,)","(62,)",uint32,float32,62,4330,0.014318706697459584,57,0.013163972286374134,0,sparse_train_indexed_monitor,62,62,1.0,69.1500015258789,69.1500015258789,69.1500015258789,69.1500015258789,69.1500015258789,1
/FL2/Beamlines/Hall Apertures/position aperture4 horizontal,/FL2/Beamlines/Hall Apertures/position aperture4 horizontal/index,/FL2/Beamlines/Hall Apertures/position aperture4 horizontal/value,"(62,)","(62,)",uint32,float32,62,4330,0.014318706697459584,57,0.013163972286374134,0,sparse_train_indexed_monitor,62,62,1.0,-2.1999599933624268,-2.1999599933624268,-2.1999599933624268,-2.1999599933624268,-2.1999599933624268,1
/FL2/Beamlines/Hall Apertures/position aperture4 vertical,/FL2/Beamlines/Hall Apertures/position aperture4 vertical/index,/FL2/Beamlines/Hall Apertures/position aperture4 vertical/value,"(62,)","(62,)",uint32,float32,62,4330,0.014318706697459584,57,0.013163972286374134,0,sparse_train_indexed_monitor,62,62,1.0,50.78999710083008,50.78999710083008,50.78999710083008,50.78999710083008,50.78999710083008,1
/FL2/Beamlines/Hall Apertures/position aperture5 horizontal,/FL2/Beamlines/Hall Apertures/position aperture5 horizontal/index,/FL2/Beamlines/Hall Apertures/position aperture5 horizontal/value,"(62,)","(62,)",uint32,float32,62,4330,0.014318706697459584,57,0.013163972286374134,0,sparse_train_indexed_monitor,62,62,1.0,0.1499999314546585,0.1499999314546585,0.1499999314546585,0.1499999314546585,0.1499999314546585,1
/FL2/Beamlines/Hall Apertures/position aperture5 vertical,/FL2/Beamlines/Hall Apertures/position aperture5 vertical/index,/FL2/Beamlines/Hall Apertures/position aperture5 vertical/value,"(62,)","(62,)",uint32,float32,62,4330,0.014318706697459584,57,0.013163972286374134,0,sparse_train_indexed_monitor,62,62,1.0,139.22000122070312,139.22000122070312,139.22000122070312,139.22000122070312,139.22000122070312,1
/FL2/Beamlines/Hall Apertures/position aperture6 horizontal,/FL2/Beamlines/Hall Apertures/position aperture6 horizontal/index,/FL2/Beamlines/Hall Apertures/position aperture6 horizontal/value,"(62,)","(62,)",uint32,float32,62,4330,0.014318706697459584,57,0.013163972286374134,0,sparse_train_indexed_monitor,62,62,1.0,-3.4595000743865967,-3.4595000743865967,-3.4595000743865967,-3.4595000743865967,-3.4595000743865967,1
/FL2/Beamlines/Hall Apertures/position aperture6 vertical,/FL2/Beamlines/Hall Apertures/position aperture6 vertical/index,/FL2/Beamlines/Hall Apertures/position aperture6 vertical/value,"(62,)","(62,)",uint32,float32,62,4330,0.014318706697459584,57,0.013163972286374134,0,sparse_train_indexed_monitor,62,62,1.0,0.5999999642372131,0.5999999642372131,0.5999999642372131,0.5999999642372131,0.5999999642372131,1
/FL2/Beamlines/Hall Mirrors/position  FL20M3 rotation,/FL2/Beamlines/Hall Mirrors/position  FL20M3 rotation/index,/FL2/Beamlines/Hall Mirrors/position  FL20M3 rotation/value,"(62,)","(62,)",uint32,float32,62,4330,0.014318706697459584,57,0.013163972286374134,0,sparse_train_indexed_monitor,62,62,1.0,-1.8899996280670166,-1.8899996280670166,-1.8899996280670166,-1.8899996280670166,-1.8899996280670166,1
/FL2/Beamlines/Hall Mirrors/position FL20M3 horizontal,/FL2/Beamlines/Hall Mirrors/position FL20M3 horizontal/index,/FL2/Beamlines/Hall Mirrors/position FL20M3 horizontal/value,"(62,)","(62,)",uint32,float32,62,4330,0.014318706697459584,57,0.013163972286374134,0,sparse_train_indexed_monitor,62,62,1.0,0.0,0.0,0.0,0.0,0.0,1
/FL2/Beamlines/Hall Mirrors/position FL20M3 vertical,/FL2/Beamlines/Hall Mirrors/position FL20M3 vertical/index,/FL2/Beamlines/Hall Mirrors/position FL20M3 vertical/value,"(62,)","(62,)",uint32,float32,62,4330,0.014318706697459584,57,0.013163972286374134,0,sparse_train_indexed_monitor,62,62,1.0,-13.999999046325684,-13.999999046325684,-13.999999046325684,-13.999999046325684,-13.999999046325684,1
/FL2/Beamlines/Hall Mirrors/position KAOS premirror vertical,/FL2/Beamlines/Hall Mirrors/position KAOS premirror vertical/index,/FL2/Beamlines/Hall Mirrors/position KAOS premirror vertical/value,"(62,)","(62,)",uint32,float32,62,4330,0.014318706697459584,57,0.013163972286374134,0,sparse_train_indexed_monitor,62,62,1.0,3800000.0,3800000.0,3800000.0,3800000.0,3800000.0,1
/FL2/Beamlines/Photon Shutter/status PS0,/FL2/Beamlines/Photon Shutter/status PS0/index,/FL2/Beamlines/Photon Shutter/status PS0/value,"(62,)","(62,)",uint32,float32,62,4330,0.014318706697459584,57,0.013163972286374134,0,sparse_train_indexed_monitor,62,62,1.0,2.0,2.0,2.0,2.0,2.0,1
/FL2/Beamlines/Photon Shutter/status PS1,/FL2/Beamlines/Photon Shutter/status PS1/index,/FL2/Beamlines/Photon Shutter/status PS1/value,"(62,)","(62,)",uint32,float32,62,4330,0.014318706697459584,57,0.013163972286374134,0,sparse_train_indexed_monitor,62,62,1.0,2.0,2.0,2.0,2.0,2.0,1
/FL2/Beamlines/Photon Shutter/status PS2,/FL2/Beamlines/Photon Shutter/status PS2/index,/FL2/Beamlines/Photon Shutter/status PS2/value,"(62,)","(62,)",uint32,float32,62,4330,0.014318706697459584,57,0.013163972286374134,0,sparse_train_indexed_monitor,62,62,1.0,2.0,2.0,2.0,2.0,2.0,1
/FL2/Beamlines/Tunnel Apertures/position aperture1 horizontal,/FL2/Beamlines/Tunnel Apertures/position aperture1 horizontal/index,/FL2/Beamlines/Tunnel Apertures/position aperture1 horizontal/value,"(62,)","(62,)",uint32,float32,62,4330,0.014318706697459584,57,0.013163972286374134,0,sparse_train_indexed_monitor,62,62,1.0,1.7000000476837158,1.7000000476837158,1.7000000476837158,1.7000000476837158,1.7000000476837158,1
/FL2/Beamlines/Tunnel Apertures/position aperture1 vertical,/FL2/Beamlines/Tunnel Apertures/position aperture1 vertical/index,/FL2/Beamlines/Tunnel Apertures/position aperture1 vertical/value,"(62,)","(62,)",uint32,float32,62,4330,0.014318706697459584,57,0.013163972286374134,0,sparse_train_indexed_monitor,62,62,1.0,24.999971389770508,24.999971389770508,24.999971389770508,24.999971389770508,24.999971389770508,1
/FL2/Beamlines/Tunnel Apertures/position aperture2 horizontal,/FL2/Beamlines/Tunnel Apertures/position aperture2 horizontal/index,/FL2/Beamlines/Tunnel Apertures/position aperture2 horizontal/value,"(62,)","(62,)",uint32,float32,62,4330,0.014318706697459584,57,0.013163972286374134,0,sparse_train_indexed_monitor,62,62,1.0,-2.629999876022339,-2.629999876022339,-2.629999876022339,-2.629999876022339,-2.629999876022339,1
/FL2/Beamlines/Tunnel Apertures/position aperture2 vertical,/FL2/Beamlines/Tunnel Apertures/position aperture2 vertical/index,/FL2/Beamlines/Tunnel Apertures/position aperture2 vertical/value,"(62,)","(62,)",uint32,float32,62,4330,0.014318706697459584,57,0.013163972286374134,0,sparse_train_indexed_monitor,62,62,1.0,24.0,24.0,24.0,24.0,24.0,1
/FL2/Beamlines/Tunnel Mirrors/position Mirror1 horizontal,/FL2/Beamlines/Tunnel Mirrors/position Mirror1 horizontal/index,/FL2/Beamlines/Tunnel Mirrors/position Mirror1 horizontal/value,"(62,)","(62,)",uint32,float32,62,4330,0.014318706697459584,57,0.013163972286374134,0,sparse_train_indexed_monitor,62,62,1.0,-0.7999973893165588,-0.7999973893165588,-0.7999973893165588,-0.7999973893165588,-0.7999973893165588,1
/FL2/Beamlines/Tunnel Mirrors/position Mirror1 roll,/FL2/Beamlines/Tunnel Mirrors/position Mirror1 roll/index,/FL2/Beamlines/Tunnel Mirrors/position Mirror1 roll/value,"(62,)","(62,)",uint32,float32,62,4330,0.014318706697459584,57,0.013163972286374134,0,sparse_train_indexed_monitor,62,62,1.0,4.549987316131592,4.549987316131592,4.549987316131592,4.549987316131592,4.549987316131592,1
/FL2/Beamlines/Tunnel Mirrors/position Mirror1 rotation,/FL2/Beamlines/Tunnel Mirrors/position Mirror1 rotation/index,/FL2/Beamlines/Tunnel Mirrors/position Mirror1 rotation/value,"(62,)","(62,)",uint32,float32,62,4330,0.014318706697459584,57,0.013163972286374134,0,sparse_train_indexed_monitor,62,62,1.0,0.47000011801719666,0.47000011801719666,0.47000011801719666,0.47000011801719666,0.47000011801719666,1
/FL2/Beamlines/Tunnel Mirrors/position Mirror1 vertical,/FL2/Beamlines/Tunnel Mirrors/position Mirror1 vertical/index,/FL2/Beamlines/Tunnel Mirrors/position Mirror1 vertical/value,"(62,)","(62,)",uint32,float32,62,4330,0.014318706697459584,57,0.013163972286374134,0,sparse_train_indexed_monitor,62,62,1.0,16.999998092651367,16.999998092651367,16.999998092651367,16.999998092651367,16.999998092651367,1
/FL2/Beamlines/Tunnel Mirrors/position Mirror2 horizontal,/FL2/Beamlines/Tunnel Mirrors/position Mirror2 horizontal/index,/FL2/Beamlines/Tunnel Mirrors/position Mirror2 horizontal/value,"(62,)","(62,)",uint32,float32,62,4330,0.014318706697459584,57,0.013163972286374134,0,sparse_train_indexed_monitor,62,62,1.0,0.3000016212463379,0.3000016212463379,0.3000016212463379,0.3000016212463379,0.3000016212463379,1
/FL2/Beamlines/Tunnel Mirrors/position Mirror2 roll,/FL2/Beamlines/Tunnel Mirrors/position Mirror2 roll/index,/FL2/Beamlines/Tunnel Mirrors/position Mirror2 roll/value,"(62,)","(62,)",uint32,float32,62,4330,0.014318706697459584,57,0.013163972286374134,0,sparse_train_indexed_monitor,62,62,1.0,-4.14999532699585,-4.14999532699585,-4.14999532699585,-4.14999532699585,-4.14999532699585,1
/FL2/Beamlines/Tunnel Mirrors/position Mirror2 rotation,/FL2/Beamlines/Tunnel Mirrors/position Mirror2 rotation/index,/FL2/Beamlines/Tunnel Mirrors/position Mirror2 rotation/value,"(62,)","(62,)",uint32,float32,62,4330,0.014318706697459584,57,0.013163972286374134,0,sparse_train_indexed_monitor,62,62,1.0,0.9700019359588623,0.9700019359588623,0.9700019359588623,0.9700019359588623,0.9700019359588623,1
/FL2/Beamlines/Tunnel Mirrors/position Mirror2 vertical,/FL2/Beamlines/Tunnel Mirrors/position Mirror2 vertical/index,/FL2/Beamlines/Tunnel Mirrors/position Mirror2 vertical/value,"(62,)","(62,)",uint32,float32,62,4330,0.014318706697459584,57,0.013163972286374134,0,sparse_train_indexed_monitor,62,62,1.0,16.999998092651367,16.999998092651367,16.999998092651367,16.999998092651367,16.999998092651367,1
/FL2/Electron Diagnostic/Undulator setting/SASE03 gap,/FL2/Electron Diagnostic/Undulator setting/SASE03 gap/index,/FL2/Electron Diagnostic/Undulator setting/SASE03 gap/value,"(65,)","(65,)",uint32,float32,65,4330,0.015011547344110854,60,0.013856812933025405,0,sparse_train_indexed_monitor,65,65,1.0,15.870000839233398,15.870000839233398,15.88900089263916,15.907000541687012,15.907000541687012,4
/FL2/Electron Diagnostic/Undulator setting/SASE04 gap,/FL2/Electron Diagnostic/Undulator setting/SASE04 gap/index,/FL2/Electron Diagnostic/Undulator setting/SASE04 gap/value,"(65,)","(65,)",uint32,float32,65,4330,0.015011547344110854,60,0.013856812933025405,0,sparse_train_indexed_monitor,65,65,1.0,15.846000671386719,15.846000671386719,15.86500072479248,15.883000373840332,15.883000373840332,4
/FL2/Electron Diagnostic/Undulator setting/SASE05 gap,/FL2/Electron Diagnostic/Undulator setting/SASE05 gap/index,/FL2/Electron Diagnostic/Undulator setting/SASE05 gap/value,"(65,)","(65,)",uint32,float32,65,4330,0.015011547344110854,60,0.013856812933025405,0,sparse_train_indexed_monitor,65,65,1.0,15.920001029968262,15.920001029968262,15.939001083374023,15.957000732421875,15.957000732421875,4
/FL2/Electron Diagnostic/Undulator setting/SASE06 gap,/FL2/Electron Diagnostic/Undulator setting/SASE06 gap/index,/FL2/Electron Diagnostic/Undulator setting/SASE06 gap/value,"(65,)","(65,)",uint32,float32,65,4330,0.015011547344110854,60,0.013856812933025405,0,sparse_train_indexed_monitor,65,65,1.0,15.887001037597656,15.887001037597656,15.906001091003418,15.92400074005127,15.92400074005127,4
/FL2/Electron Diagnostic/Undulator setting/SASE07 gap,/FL2/Electron Diagnostic/Undulator setting/SASE07 gap/index,/FL2/Electron Diagnostic/Undulator setting/SASE07 gap/value,"(65,)","(65,)",uint32,float32,65,4330,0.015011547344110854,60,0.013856812933025405,0,sparse_train_indexed_monitor,65,65,1.0,15.86400032043457,15.86400032043457,15.883000373840332,15.9010009765625,15.9010009765625,4
/FL2/Electron Diagnostic/Undulator setting/SASE08 gap,/FL2/Electron Diagnostic/Undulator setting/SASE08 gap/index,/FL2/Electron Diagnostic/Undulator setting/SASE08 gap/value,"(65,)","(65,)",uint32,float32,65,4330,0.015011547344110854,60,0.013856812933025405,0,sparse_train_indexed_monitor,65,65,1.0,15.906001091003418,15.906001091003418,15.92500114440918,15.943000793457031,15.943000793457031,4
/FL2/Electron Diagnostic/Undulator setting/SASE09 gap,/FL2/Electron Diagnostic/Undulator setting/SASE09 gap/index,/FL2/Electron Diagnostic/Undulator setting/SASE09 gap/value,"(65,)","(65,)",uint32,float32,65,4330,0.015011547344110854,60,0.013856812933025405,0,sparse_train_indexed_monitor,65,65,1.0,15.87800121307373,15.87800121307373,15.897000312805176,15.915000915527344,15.915000915527344,4
/FL2/Electron Diagnostic/Undulator setting/SASE10 gap,/FL2/Electron Diagnostic/Undulator setting/SASE10 gap/index,/FL2/Electron Diagnostic/Undulator setting/SASE10 gap/value,"(65,)","(65,)",uint32,float32,65,4330,0.015011547344110854,60,0.013856812933025405,0,sparse_train_indexed_monitor,65,65,1.0,15.87800121307373,15.87800121307373,15.897000312805176,15.915000915527344,15.915000915527344,4
/FL2/Electron Diagnostic/Undulator setting/SASE11 gap,/FL2/Electron Diagnostic/Undulator setting/SASE11 gap/index,/FL2/Electron Diagnostic/Undulator setting/SASE11 gap/value,"(64,)","(64,)",uint32,float32,64,4330,0.014780600461893764,59,0.013625866050808315,0,sparse_train_indexed_monitor,64,64,1.0,15.881000518798828,15.881000518798828,15.90000057220459,15.918001174926758,15.918001174926758,5
/FL2/Electron Diagnostic/Undulator setting/SASE12 gap,/FL2/Electron Diagnostic/Undulator setting/SASE12 gap/index,/FL2/Electron Diagnostic/Undulator setting/SASE12 gap/value,"(64,)","(64,)",uint32,float32,64,4330,0.014780600461893764,59,0.013625866050808315,0,sparse_train_indexed_monitor,64,64,1.0,15.867000579833984,15.867000579833984,15.886000633239746,15.904000282287598,15.904000282287598,5
/FL2/Electron Diagnostic/Undulator setting/SASE13 gap,/FL2/Electron Diagnostic/Undulator setting/SASE13 gap/index,/FL2/Electron Diagnostic/Undulator setting/SASE13 gap/value,"(66,)","(66,)",uint32,float32,66,4330,0.015242494226327945,61,0.014087759815242495,0,sparse_train_indexed_monitor,66,66,1.0,15.856000900268555,15.856000900268555,15.875000953674316,15.892001152038574,15.892001152038574,5
/FL2/Experiment/FL24/User store/value.01,/FL2/Experiment/FL24/User store/value.01/index,/FL2/Experiment/FL24/User store/value.01/value,"(62,)","(62,)",uint32,float32,62,4330,0.014318706697459584,57,0.013163972286374134,0,sparse_train_indexed_monitor,62,62,1.0,-563.1769409179688,-563.1769409179688,-563.1769409179688,-563.1769409179688,-563.1769409179688,1
/FL2/Experiment/FL24/User store/value.02,/FL2/Experiment/FL24/User store/value.02/index,/FL2/Experiment/FL24/User store/value.02/value,"(62,)","(62,)",uint32,float32,62,4330,0.014318706697459584,57,0.013163972286374134,0,sparse_train_indexed_monitor,62,62,1.0,35.999935150146484,35.999935150146484,35.999935150146484,35.999935150146484,35.999935150146484,1
/FL2/Experiment/FL24/User store/value.03,/FL2/Experiment/FL24/User store/value.03/index,/FL2/Experiment/FL24/User store/value.03/value,"(62,)","(62,)",uint32,float32,62,4330,0.014318706697459584,57,0.013163972286374134,0,sparse_train_indexed_monitor,62,62,1.0,9.860159480012953e-05,9.860159480012953e-05,9.860159480012953e-05,9.860159480012953e-05,9.860159480012953e-05,1
/FL2/Experiment/FL24/User store/value.04,/FL2/Experiment/FL24/User store/value.04/index,/FL2/Experiment/FL24/User store/value.04/value,"(62,)","(62,)",uint32,float32,62,4330,0.014318706697459584,57,0.013163972286374134,0,sparse_train_indexed_monitor,62,62,1.0,0.0,0.0,0.0,0.0,0.0,1
/FL2/Experiment/FL24/User store/value.05,/FL2/Experiment/FL24/User store/value.05/index,/FL2/Experiment/FL24/User store/value.05/value,"(62,)","(62,)",uint32,float32,62,4330,0.014318706697459584,57,0.013163972286374134,0,sparse_train_indexed_monitor,62,62,1.0,8.321000099182129,8.321000099182129,8.321000099182129,8.321000099182129,8.321000099182129,1
/FL2/Experiment/FL24/User store/value.06,/FL2/Experiment/FL24/User store/value.06/index,/FL2/Experiment/FL24/User store/value.06/value,"(62,)","(62,)",uint32,float32,62,4330,0.014318706697459584,57,0.013163972286374134,0,sparse_train_indexed_monitor,62,62,1.0,7913.0,7913.0,7913.0,7913.0,7913.0,1
/FL2/Experiment/FL24/User store/value.07,/FL2/Experiment/FL24/User store/value.07/index,/FL2/Experiment/FL24/User store/value.07/value,"(62,)","(62,)",uint32,float32,62,4330,0.014318706697459584,57,0.013163972286374134,0,sparse_train_indexed_monitor,62,62,1.0,0.0,0.0,0.0,0.0,0.0,1
/FL2/Experiment/FL24/User store/value.08,/FL2/Experiment/FL24/User store/value.08/index,/FL2/Experiment/FL24/User store/value.08/value,"(62,)","(62,)",uint32,float32,62,4330,0.014318706697459584,57,0.013163972286374134,0,sparse_train_indexed_monitor,62,62,1.0,0.0,0.0,0.0,0.0,0.0,1
/FL2/Experiment/FL24/User store/value.09,/FL2/Experiment/FL24/User store/value.09/index,/FL2/Experiment/FL24/User store/value.09/value,"(62,)","(62,)",uint32,float32,62,4330,0.014318706697459584,57,0.013163972286374134,0,sparse_train_indexed_monitor,62,62,1.0,0.0,0.0,0.0,0.0,0.0,1
/FL2/Experiment/FL24/User store/value.10,/FL2/Experiment/FL24/User store/value.10/index,/FL2/Experiment/FL24/User store/value.10/value,"(62,)","(62,)",uint32,float32,62,4330,0.014318706697459584,57,0.013163972286374134,0,sparse_train_indexed_monitor,62,62,1.0,0.0,0.0,0.0,0.0,0.0,1
/FL2/Experiment/FL24/User store/value.11,/FL2/Experiment/FL24/User store/value.11/index,/FL2/Experiment/FL24/User store/value.11/value,"(62,)","(62,)",uint32,float32,62,4330,0.014318706697459584,57,0.013163972286374134,0,sparse_train_indexed_monitor,62,62,1.0,0.0,0.0,0.0,0.0,0.0,1
/FL2/Experiment/FL24/User store/value.12,/FL2/Experiment/FL24/User store/value.12/index,/FL2/Experiment/FL24/User store/value.12/value,"(62,)","(62,)",uint32,float32,62,4330,0.014318706697459584,57,0.013163972286374134,0,sparse_train_indexed_monitor,62,62,1.0,0.0,0.0,0.0,0.0,0.0,1
/FL2/Experiment/FL24/User store/value.13,/FL2/Experiment/FL24/User store/value.13/index,/FL2/Experiment/FL24/User store/value.13/value,"(62,)","(62,)",uint32,float32,62,4330,0.014318706697459584,57,0.013163972286374134,0,sparse_train_indexed_monitor,62,62,1.0,0.0,0.0,0.0,0.0,0.0,1
/FL2/Experiment/FL24/User store/value.14,/FL2/Experiment/FL24/User store/value.14/index,/FL2/Experiment/FL24/User store/value.14/value,"(62,)","(62,)",uint32,float32,62,4330,0.014318706697459584,57,0.013163972286374134,0,sparse_train_indexed_monitor,62,62,1.0,0.0,0.0,0.0,0.0,0.0,1
/FL2/Experiment/FL24/User store/value.15,/FL2/Experiment/FL24/User store/value.15/index,/FL2/Experiment/FL24/User store/value.15/value,"(62,)","(62,)",uint32,float32,62,4330,0.014318706697459584,57,0.013163972286374134,0,sparse_train_indexed_monitor,62,62,1.0,0.0,0.0,0.0,0.0,0.0,1
/FL2/Experiment/FL24/User store/value.16,/FL2/Experiment/FL24/User store/value.16/index,/FL2/Experiment/FL24/User store/value.16/value,"(62,)","(62,)",uint32,float32,62,4330,0.014318706697459584,57,0.013163972286374134,0,sparse_train_indexed_monitor,62,62,1.0,1.2300000190734863,1.2300000190734863,1.2300000190734863,1.2300000190734863,1.2300000190734863,1
/FL2/Experiment/MTCA-EXP1/ADQ412 GHz ADC/Expert stuff/ADC trigger ADQ412,/FL2/Experiment/MTCA-EXP1/ADQ412 GHz ADC/Expert stuff/ADC trigger ADQ412/index,/FL2/Experiment/MTCA-EXP1/ADQ412 GHz ADC/Expert stuff/ADC trigger ADQ412/value,"(62,)","(62,)",uint32,float32,62,4330,0.014318706697459584,57,0.013163972286374134,0,sparse_train_indexed_monitor,62,62,1.0,336754.0,336754.0,336754.0,336754.0,336754.0,1
/FL2/Experiment/MTCA-EXP1/SIS8300 100MHz ADC/Expert stuff/ADC trigger SIS8300,/FL2/Experiment/MTCA-EXP1/SIS8300 100MHz ADC/Expert stuff/ADC trigger SIS8300/index,/FL2/Experiment/MTCA-EXP1/SIS8300 100MHz ADC/Expert stuff/ADC trigger SIS8300/value,"(62,)","(62,)",uint32,float32,62,4330,0.014318706697459584,57,0.013163972286374134,0,sparse_train_indexed_monitor,62,62,1.0,335998.0,335998.0,335998.0,335998.0,335998.0,1
/FL2/Photon Diagnostic/GMD/Average beam position/position hall horizontal,/FL2/Photon Diagnostic/GMD/Average beam position/position hall horizontal/index,/FL2/Photon Diagnostic/GMD/Average beam position/position hall horizontal/value,"(492,)","(492,)",uint32,float32,492,4330,0.11362586605080831,463,0.10692840646651271,0,sparse_train_indexed_monitor,492,492,1.0,-0.6460205316543579,-0.6365401715040206,-0.44050614535808563,-0.2831616786122323,-0.2700291574001312,462
/FL2/Photon Diagnostic/GMD/Average beam position/position hall vertical,/FL2/Photon Diagnostic/GMD/Average beam position/position hall vertical/index,/FL2/Photon Diagnostic/GMD/Average beam position/position hall vertical/value,"(492,)","(492,)",uint32,float32,492,4330,0.11362586605080831,463,0.10692840646651271,0,sparse_train_indexed_monitor,492,492,1.0,-0.8932582139968872,-0.8786810809373855,-0.7017525136470795,-0.5145863485336304,-0.5128346085548401,462
/FL2/Photon Diagnostic/GMD/Average beam position/position tunnel horizontal,/FL2/Photon Diagnostic/GMD/Average beam position/position tunnel horizontal/index,/FL2/Photon Diagnostic/GMD/Average beam position/position tunnel horizontal/value,"(482,)","(482,)",uint32,float32,482,4330,0.11131639722863741,453,0.1046189376443418,0,sparse_train_indexed_monitor,482,482,1.0,-0.922141432762146,-0.8886349672079086,-0.3750061094760895,-0.022185062710195783,0.0015395409427583218,452
/FL2/Photon Diagnostic/GMD/Average beam position/position tunnel vertical,/FL2/Photon Diagnostic/GMD/Average beam position/position tunnel vertical/index,/FL2/Photon Diagnostic/GMD/Average beam position/position tunnel vertical/value,"(482,)","(482,)",uint32,float32,482,4330,0.11131639722863741,453,0.1046189376443418,0,sparse_train_indexed_monitor,482,482,1.0,-0.2243305742740631,-0.21247003525495528,0.20088902115821838,0.8372512835264205,0.8772023916244507,452
/FL2/Photon Diagnostic/GMD/Average energy/energy hall,/FL2/Photon Diagnostic/GMD/Average energy/energy hall/index,/FL2/Photon Diagnostic/GMD/Average energy/energy hall/value,"(487,)","(487,)",uint32,float32,487,4330,0.11247113163972286,458,0.10577367205542725,0,sparse_train_indexed_monitor,487,487,1.0,2.6101388931274414,2.622027902603149,3.883528232574463,6.8565494918823235,6.93850040435791,458
/FL2/Photon Diagnostic/GMD/Average energy/energy tunnel,/FL2/Photon Diagnostic/GMD/Average energy/energy tunnel/index,/FL2/Photon Diagnostic/GMD/Average energy/energy tunnel/value,"(469,)","(469,)",uint32,float32,469,4330,0.10831408775981524,441,0.10184757505773671,0,sparse_train_indexed_monitor,469,469,1.0,3.3753395080566406,3.390918893814087,4.946094989776611,8.563752746582031,8.605149269104004,438
/FL2/Photon Diagnostic/GMD/Expert stuff/Beam position/FL2.HALL/IX.SUM,/FL2/Photon Diagnostic/GMD/Expert stuff/Beam position/FL2.HALL/IX.SUM/index,/FL2/Photon Diagnostic/GMD/Expert stuff/Beam position/FL2.HALL/IX.SUM/value,"(492,)","(492,)",uint32,float32,492,4330,0.11362586605080831,463,0.10692840646651271,0,sparse_train_indexed_monitor,492,492,1.0,1.9871233825075052e-10,2.0382440693578195e-10,3.2498594093599564e-10,6.010344444362659e-10,6.144204034441714e-10,462
/FL2/Photon Diagnostic/GMD/Expert stuff/Beam position/FL2.HALL/IY.SUM,/FL2/Photon Diagnostic/GMD/Expert stuff/Beam position/FL2.HALL/IY.SUM/index,/FL2/Photon Diagnostic/GMD/Expert stuff/Beam position/FL2.HALL/IY.SUM/value,"(492,)","(492,)",uint32,float32,492,4330,0.11362586605080831,463,0.10692840646651271,0,sparse_train_indexed_monitor,492,492,1.0,2.0298381031569335e-10,2.0815874204882513e-10,3.330397901901705e-10,6.173916933249757e-10,6.314967437859309e-10,462
/FL2/Photon Diagnostic/GMD/Expert stuff/Beam position/FL2.TUNNEL/IX.SUM,/FL2/Photon Diagnostic/GMD/Expert stuff/Beam position/FL2.TUNNEL/IX.SUM/index,/FL2/Photon Diagnostic/GMD/Expert stuff/Beam position/FL2.TUNNEL/IX.SUM/value,"(482,)","(482,)",uint32,float32,482,4330,0.11131639722863741,453,0.1046189376443418,0,sparse_train_indexed_monitor,482,482,1.0,3.8204793495477674e-11,3.9193619842670117e-11,6.544014635734285e-11,1.2349755731944078e-10,1.2638926016883545e-10,451
/FL2/Photon Diagnostic/GMD/Expert stuff/Beam position/FL2.TUNNEL/IY.SUM,/FL2/Photon Diagnostic/GMD/Expert stuff/Beam position/FL2.TUNNEL/IY.SUM/index,/FL2/Photon Diagnostic/GMD/Expert stuff/Beam position/FL2.TUNNEL/IY.SUM/value,"(482,)","(482,)",uint32,float32,482,4330,0.11131639722863741,453,0.1046189376443418,0,sparse_train_indexed_monitor,482,482,1.0,3.6923138158062585e-11,3.7902507001030815e-11,6.425176363178409e-11,1.227412077531298e-10,1.2556311546063625e-10,451
/FL2/Photon Diagnostic/GMD/Expert stuff/FL2.HALL.K2700/CH01,/FL2/Photon Diagnostic/GMD/Expert stuff/FL2.HALL.K2700/CH01/index,/FL2/Photon Diagnostic/GMD/Expert stuff/FL2.HALL.K2700/CH01/value,"(492,)","(492,)",uint32,float32,492,4330,0.11362586605080831,463,0.10692840646651271,0,sparse_train_indexed_monitor,492,492,1.0,9.823287322463514e-11,1.0036971101468061e-10,1.589599493700966e-10,2.9619418140391926e-10,3.0242228166166285e-10,484
/FL2/Photon Diagnostic/GMD/Expert stuff/XGM.CURRENT/FL2.HALL.K2700/CH02,/FL2/Photon Diagnostic/GMD/Expert stuff/XGM.CURRENT/FL2.HALL.K2700/CH02/index,/FL2/Photon Diagnostic/GMD/Expert stuff/XGM.CURRENT/FL2.HALL.K2700/CH02/value,"(492,)","(492,)",uint32,float32,492,4330,0.11362586605080831,463,0.10692840646651271,0,sparse_train_indexed_monitor,492,492,1.0,9.527489214233853e-11,9.742658110822866e-11,1.5797664565386782e-10,3.0025175151715544e-10,3.0661398420228636e-10,484
/FL2/Photon Diagnostic/GMD/Expert stuff/XGM.CURRENT/FL2.HALL.K2700/CH03,/FL2/Photon Diagnostic/GMD/Expert stuff/XGM.CURRENT/FL2.HALL.K2700/CH03/index,/FL2/Photon Diagnostic/GMD/Expert stuff/XGM.CURRENT/FL2.HALL.K2700/CH03/value,"(492,)","(492,)",uint32,float32,492,4330,0.11362586605080831,463,0.10692840646651271,0,sparse_train_indexed_monitor,492,492,1.0,1.0739607814169716e-10,1.0970648306463104e-10,1.7670207658193604e-10,3.323651878717193e-10,3.3921457309737946e-10,483
/FL2/Photon Diagnostic/GMD/Expert stuff/XGM.CURRENT/FL2.HALL.K2700/CH04,/FL2/Photon Diagnostic/GMD/Expert stuff/XGM.CURRENT/FL2.HALL.K2700/CH04/index,/FL2/Photon Diagnostic/GMD/Expert stuff/XGM.CURRENT/FL2.HALL.K2700/CH04/value,"(492,)","(492,)",uint32,float32,492,4330,0.11362586605080831,463,0.10692840646651271,0,sparse_train_indexed_monitor,492,492,1.0,8.814236840404277e-11,9.001880185710576e-11,1.4562503980464214e-10,2.7870542346208895e-10,2.842730773000568e-10,482
/FL2/Photon Diagnostic/GMD/Expert stuff/XGM.CURRENT/FL2.HALL.K2700/CH05,/FL2/Photon Diagnostic/GMD/Expert stuff/XGM.CURRENT/FL2.HALL.K2700/CH05/index,/FL2/Photon Diagnostic/GMD/Expert stuff/XGM.CURRENT/FL2.HALL.K2700/CH05/value,"(492,)","(492,)",uint32,float32,492,4330,0.11362586605080831,463,0.10692840646651271,0,sparse_train_indexed_monitor,492,492,1.0,-1.4012363318272048e-11,-3.0764866869315008e-12,1.6892182791439225e-10,3.516874333420183e-10,3.843434182027039e-10,483
/FL2/Photon Diagnostic/GMD/Expert stuff/XGM.CURRENT/FL2.HALL.LEFT/OUTPUT,/FL2/Photon Diagnostic/GMD/Expert stuff/XGM.CURRENT/FL2.HALL.LEFT/OUTPUT/index,/FL2/Photon Diagnostic/GMD/Expert stuff/XGM.CURRENT/FL2.HALL.LEFT/OUTPUT/value,"(491,)","(491,)",uint32,float32,491,4330,0.11339491916859122,462,0.1066974595842956,0,sparse_train_indexed_monitor,491,491,1.0,2.585776037733467e-10,2.6125734076121174e-10,3.8204581165324214e-10,6.736745050694992e-10,6.8003647157866e-10,470
/FL2/Photon Diagnostic/GMD/Expert stuff/XGM.CURRENT/FL2.HALL.LEFT/RANGE.CODE,/FL2/Photon Diagnostic/GMD/Expert stuff/XGM.CURRENT/FL2.HALL.LEFT/RANGE.CODE/index,/FL2/Photon Diagnostic/GMD/Expert stuff/XGM.CURRENT/FL2.HALL.LEFT/RANGE.CODE/value,"(62,)","(62,)",uint32,float32,62,4330,0.014318706697459584,57,0.013163972286374134,0,sparse_train_indexed_monitor,62,62,1.0,2.0,2.0,2.0,2.0,2.0,1
/FL2/Photon Diagnostic/GMD/Expert stuff/XGM.CURRENT/FL2.HALL.RIGHT/OUTPUT,/FL2/Photon Diagnostic/GMD/Expert stuff/XGM.CURRENT/FL2.HALL.RIGHT/OUTPUT/index,/FL2/Photon Diagnostic/GMD/Expert stuff/XGM.CURRENT/FL2.HALL.RIGHT/OUTPUT/value,"(491,)","(491,)",uint32,float32,491,4330,0.11339491916859122,462,0.1066974595842956,0,sparse_train_indexed_monitor,491,491,1.0,1.8863539896774029e-10,1.9043281951347525e-10,2.8452748490614965e-10,5.168544481293225e-10,5.211547304817543e-10,468
/FL2/Photon Diagnostic/GMD/Expert stuff/XGM.CURRENT/FL2.HALL.RIGHT/RANGE.CODE,/FL2/Photon Diagnostic/GMD/Expert stuff/XGM.CURRENT/FL2.HALL.RIGHT/RANGE.CODE/index,/FL2/Photon Diagnostic/GMD/Expert stuff/XGM.CURRENT/FL2.HALL.RIGHT/RANGE.CODE/value,"(62,)","(62,)",uint32,float32,62,4330,0.014318706697459584,57,0.013163972286374134,0,sparse_train_indexed_monitor,62,62,1.0,2.0,2.0,2.0,2.0,2.0,1
/FL2/Photon Diagnostic/GMD/Expert stuff/XGM.CURRENT/FL2.TUNNEL.K2700/CH01,/FL2/Photon Diagnostic/GMD/Expert stuff/XGM.CURRENT/FL2.TUNNEL.K2700/CH01/index,/FL2/Photon Diagnostic/GMD/Expert stuff/XGM.CURRENT/FL2.TUNNEL.K2700/CH01/value,"(492,)","(492,)",uint32,float32,492,4330,0.11362586605080831,463,0.10692840646651271,0,sparse_train_indexed_monitor,492,492,1.0,1.9682561136491472e-11,2.0235853496336498e-11,3.333084849788115e-11,6.383979143931295e-11,6.5172235663713e-11,484
/FL2/Photon Diagnostic/GMD/Expert stuff/XGM.CURRENT/FL2.TUNNEL.K2700/CH02,/FL2/Photon Diagnostic/GMD/Expert stuff/XGM.CURRENT/FL2.TUNNEL.K2700/CH02/index,/FL2/Photon Diagnostic/GMD/Expert stuff/XGM.CURRENT/FL2.TUNNEL.K2700/CH02/value,"(492,)","(492,)",uint32,float32,492,4330,0.11362586605080831,463,0.10692840646651271,0,sparse_train_indexed_monitor,492,492,1.0,1.6092235183284842e-11,1.66102294939241e-11,2.8973699307821565e-11,5.741716300328159e-11,5.870919028705401e-11,485
/FL2/Photon Diagnostic/GMD/Expert stuff/XGM.CURRENT/FL2.TUNNEL.K2700/CH03,/FL2/Photon Diagnostic/GMD/Expert stuff/XGM.CURRENT/FL2.TUNNEL.K2700/CH03/index,/FL2/Photon Diagnostic/GMD/Expert stuff/XGM.CURRENT/FL2.TUNNEL.K2700/CH03/value,"(492,)","(492,)",uint32,float32,492,4330,0.11362586605080831,463,0.10692840646651271,0,sparse_train_indexed_monitor,492,492,1.0,1.4599793596303812e-11,1.515619808475921e-11,2.835337954004702e-11,5.900375049661122e-11,6.029891169712087e-11,485
/FL2/Photon Diagnostic/GMD/Expert stuff/XGM.CURRENT/FL2.TUNNEL.K2700/CH04,/FL2/Photon Diagnostic/GMD/Expert stuff/XGM.CURRENT/FL2.TUNNEL.K2700/CH04/index,/FL2/Photon Diagnostic/GMD/Expert stuff/XGM.CURRENT/FL2.TUNNEL.K2700/CH04/value,"(492,)","(492,)",uint32,float32,492,4330,0.11362586605080831,463,0.10692840646651271,0,sparse_train_indexed_monitor,492,492,1.0,1.567334456664682e-11,1.6175680048885476e-11,2.8621764680547557e-11,5.7244090058417017e-11,5.852492795943576e-11,484
/FL2/Photon Diagnostic/GMD/Expert stuff/XGM.CURRENT/FL2.TUNNEL.K2700/CH05,/FL2/Photon Diagnostic/GMD/Expert stuff/XGM.CURRENT/FL2.TUNNEL.K2700/CH05/index,/FL2/Photon Diagnostic/GMD/Expert stuff/XGM.CURRENT/FL2.TUNNEL.K2700/CH05/value,"(492,)","(492,)",uint32,float32,492,4330,0.11362586605080831,463,0.10692840646651271,0,sparse_train_indexed_monitor,492,492,1.0,-3.579980756285295e-11,-3.077071600993131e-11,2.6746477428674087e-11,8.29972165300452e-11,8.604580936655282e-11,485
/FL2/Photon Diagnostic/GMD/Expert stuff/XGM.CURRENT/FL2.TUNNEL.LEFT/OUTPUT,/FL2/Photon Diagnostic/GMD/Expert stuff/XGM.CURRENT/FL2.TUNNEL.LEFT/OUTPUT/index,/FL2/Photon Diagnostic/GMD/Expert stuff/XGM.CURRENT/FL2.TUNNEL.LEFT/OUTPUT/value,"(491,)","(491,)",uint32,float32,491,4330,0.11339491916859122,463,0.10692840646651271,0,sparse_train_indexed_monitor,491,491,1.0,5.1686488422575394e-11,5.1953832555517995e-11,7.522029527029517e-11,1.3062121384521675e-10,1.3120068920180472e-10,470
/FL2/Photon Diagnostic/GMD/Expert stuff/XGM.CURRENT/FL2.TUNNEL.LEFT/RANGE.CODE,/FL2/Photon Diagnostic/GMD/Expert stuff/XGM.CURRENT/FL2.TUNNEL.LEFT/RANGE.CODE/index,/FL2/Photon Diagnostic/GMD/Expert stuff/XGM.CURRENT/FL2.TUNNEL.LEFT/RANGE.CODE/value,"(62,)","(62,)",uint32,float32,62,4330,0.014318706697459584,57,0.013163972286374134,0,sparse_train_indexed_monitor,62,62,1.0,1.0,1.0,1.0,1.0,1.0,1
/FL2/Photon Diagnostic/GMD/Expert stuff/XGM.CURRENT/FL2.TUNNEL.RIGHT/OUTPUT,/FL2/Photon Diagnostic/GMD/Expert stuff/XGM.CURRENT/FL2.TUNNEL.RIGHT/OUTPUT/index,/FL2/Photon Diagnostic/GMD/Expert stuff/XGM.CURRENT/FL2.TUNNEL.RIGHT/OUTPUT/value,"(491,)","(491,)",uint32,float32,491,4330,0.11339491916859122,463,0.10692840646651271,0,sparse_train_indexed_monitor,491,491,1.0,4.5435100126667294e-11,4.5679584420588173e-11,6.717320449878272e-11,1.1787611858826708e-10,1.1851859771372375e-10,466
/FL2/Photon Diagnostic/GMD/Expert stuff/XGM.CURRENT/FL2.TUNNEL.RIGHT/RANGE.CODE,/FL2/Photon Diagnostic/GMD/Expert stuff/XGM.CURRENT/FL2.TUNNEL.RIGHT/RANGE.CODE/index,/FL2/Photon Diagnostic/GMD/Expert stuff/XGM.CURRENT/FL2.TUNNEL.RIGHT/RANGE.CODE/value,"(62,)","(62,)",uint32,float32,62,4330,0.014318706697459584,57,0.013163972286374134,0,sparse_train_indexed_monitor,62,62,1.0,1.0,1.0,1.0,1.0,1.0,1
/FL2/Photon Diagnostic/GMD/Expert stuff/XGM.GAS_DOSING/FL2.HALL.XGMD/BIT,/FL2/Photon Diagnostic/GMD/Expert stuff/XGM.GAS_DOSING/FL2.HALL.XGMD/BIT/index,/FL2/Photon Diagnostic/GMD/Expert stuff/XGM.GAS_DOSING/FL2.HALL.XGMD/BIT/value,"(62,)","(62,)",uint32,float32,62,4330,0.014318706697459584,57,0.013163972286374134,0,sparse_train_indexed_monitor,62,62,1.0,513.0,513.0,513.0,513.0,513.0,1
/FL2/Photon Diagnostic/GMD/Expert stuff/XGM.GAS_DOSING/FL2.HALL.XGMD/DIN.INT,/FL2/Photon Diagnostic/GMD/Expert stuff/XGM.GAS_DOSING/FL2.HALL.XGMD/DIN.INT/index,/FL2/Photon Diagnostic/GMD/Expert stuff/XGM.GAS_DOSING/FL2.HALL.XGMD/DIN.INT/value,"(62,)","(62,)",uint32,float32,62,4330,0.014318706697459584,57,0.013163972286374134,0,sparse_train_indexed_monitor,62,62,1.0,0.0,0.0,0.0,0.0,0.0,1
/FL2/Photon Diagnostic/GMD/Expert stuff/XGM.GAS_DOSING/FL2.HALL.XGMD/DOT.INT,/FL2/Photon Diagnostic/GMD/Expert stuff/XGM.GAS_DOSING/FL2.HALL.XGMD/DOT.INT/index,/FL2/Photon Diagnostic/GMD/Expert stuff/XGM.GAS_DOSING/FL2.HALL.XGMD/DOT.INT/value,"(62,)","(62,)",uint32,float32,62,4330,0.014318706697459584,57,0.013163972286374134,0,sparse_train_indexed_monitor,62,62,1.0,36.0,36.0,36.0,36.0,36.0,1
/FL2/Photon Diagnostic/GMD/Expert stuff/XGM.GAS_DOSING/FL2.HALL.XGMD/GASID,/FL2/Photon Diagnostic/GMD/Expert stuff/XGM.GAS_DOSING/FL2.HALL.XGMD/GASID/index,/FL2/Photon Diagnostic/GMD/Expert stuff/XGM.GAS_DOSING/FL2.HALL.XGMD/GASID/value,"(62,)","(62,)",uint32,float32,62,4330,0.014318706697459584,57,0.013163972286374134,0,sparse_train_indexed_monitor,62,62,1.0,3.0,3.0,3.0,3.0,3.0,1
/FL2/Photon Diagnostic/GMD/Expert stuff/XGM.GAS_DOSING/FL2.HALL.XGMD/PRI.NUM,/FL2/Photon Diagnostic/GMD/Expert stuff/XGM.GAS_DOSING/FL2.HALL.XGMD/PRI.NUM/index,/FL2/Photon Diagnostic/GMD/Expert stuff/XGM.GAS_DOSING/FL2.HALL.XGMD/PRI.NUM/value,"(133,)","(133,)",uint32,float32,133,4330,0.03071593533487298,125,0.028868360277136258,0,sparse_train_indexed_monitor,133,133,1.0,3.479999941191636e-05,3.5000000934815034e-05,3.5000000934815034e-05,3.510000169626437e-05,3.510000169626437e-05,3
/FL2/Photon Diagnostic/GMD/Expert stuff/XGM.GAS_DOSING/FL2.HALL.XGMD/PRS.NUM,/FL2/Photon Diagnostic/GMD/Expert stuff/XGM.GAS_DOSING/FL2.HALL.XGMD/PRS.NUM/index,/FL2/Photon Diagnostic/GMD/Expert stuff/XGM.GAS_DOSING/FL2.HALL.XGMD/PRS.NUM/value,"(62,)","(62,)",uint32,float32,62,4330,0.014318706697459584,57,0.013163972286374134,0,sparse_train_indexed_monitor,62,62,1.0,3.5000000934815034e-05,3.5000000934815034e-05,3.5000000934815034e-05,3.5000000934815034e-05,3.5000000934815034e-05,1
/FL2/Photon Diagnostic/GMD/Expert stuff/XGM.GAS_DOSING/FL2.TUNNEL.XGMD/BIT,/FL2/Photon Diagnostic/GMD/Expert stuff/XGM.GAS_DOSING/FL2.TUNNEL.XGMD/BIT/index,/FL2/Photon Diagnostic/GMD/Expert stuff/XGM.GAS_DOSING/FL2.TUNNEL.XGMD/BIT/value,"(62,)","(62,)",uint32,float32,62,4330,0.014318706697459584,57,0.013163972286374134,0,sparse_train_indexed_monitor,62,62,1.0,513.0,513.0,513.0,513.0,513.0,1
/FL2/Photon Diagnostic/GMD/Expert stuff/XGM.GAS_DOSING/FL2.TUNNEL.XGMD/DIN.INT,/FL2/Photon Diagnostic/GMD/Expert stuff/XGM.GAS_DOSING/FL2.TUNNEL.XGMD/DIN.INT/index,/FL2/Photon Diagnostic/GMD/Expert stuff/XGM.GAS_DOSING/FL2.TUNNEL.XGMD/DIN.INT/value,"(62,)","(62,)",uint32,float32,62,4330,0.014318706697459584,57,0.013163972286374134,0,sparse_train_indexed_monitor,62,62,1.0,0.0,0.0,0.0,0.0,0.0,1
/FL2/Photon Diagnostic/GMD/Expert stuff/XGM.GAS_DOSING/FL2.TUNNEL.XGMD/DOT.INT,/FL2/Photon Diagnostic/GMD/Expert stuff/XGM.GAS_DOSING/FL2.TUNNEL.XGMD/DOT.INT/index,/FL2/Photon Diagnostic/GMD/Expert stuff/XGM.GAS_DOSING/FL2.TUNNEL.XGMD/DOT.INT/value,"(62,)","(62,)",uint32,float32,62,4330,0.014318706697459584,57,0.013163972286374134,0,sparse_train_indexed_monitor,62,62,1.0,36.0,36.0,36.0,36.0,36.0,1
/FL2/Photon Diagnostic/GMD/Expert stuff/XGM.GAS_DOSING/FL2.TUNNEL.XGMD/GASID,/FL2/Photon Diagnostic/GMD/Expert stuff/XGM.GAS_DOSING/FL2.TUNNEL.XGMD/GASID/index,/FL2/Photon Diagnostic/GMD/Expert stuff/XGM.GAS_DOSING/FL2.TUNNEL.XGMD/GASID/value,"(62,)","(62,)",uint32,float32,62,4330,0.014318706697459584,57,0.013163972286374134,0,sparse_train_indexed_monitor,62,62,1.0,3.0,3.0,3.0,3.0,3.0,1
/FL2/Photon Diagnostic/GMD/Expert stuff/XGM.GAS_DOSING/FL2.TUNNEL.XGMD/PRI.NUM,/FL2/Photon Diagnostic/GMD/Expert stuff/XGM.GAS_DOSING/FL2.TUNNEL.XGMD/PRI.NUM/index,/FL2/Photon Diagnostic/GMD/Expert stuff/XGM.GAS_DOSING/FL2.TUNNEL.XGMD/PRI.NUM/value,"(62,)","(62,)",uint32,float32,62,4330,0.014318706697459584,57,0.013163972286374134,0,sparse_train_indexed_monitor,62,62,1.0,7.93999970483128e-06,7.93999970483128e-06,7.93999970483128e-06,7.93999970483128e-06,7.93999970483128e-06,1
/FL2/Photon Diagnostic/GMD/Expert stuff/XGM.GAS_DOSING/FL2.TUNNEL.XGMD/PRS.NUM,/FL2/Photon Diagnostic/GMD/Expert stuff/XGM.GAS_DOSING/FL2.TUNNEL.XGMD/PRS.NUM/index,/FL2/Photon Diagnostic/GMD/Expert stuff/XGM.GAS_DOSING/FL2.TUNNEL.XGMD/PRS.NUM/value,"(62,)","(62,)",uint32,float32,62,4330,0.014318706697459584,57,0.013163972286374134,0,sparse_train_indexed_monitor,62,62,1.0,7.999999979801942e-06,7.999999979801942e-06,7.999999979801942e-06,7.999999979801942e-06,7.999999979801942e-06,1
/FL2/Photon Diagnostic/GMD/Expert stuff/XGM.GAS_SUPPLY/FL2.HALL.XGMD/GAS.COMPAT.ID,/FL2/Photon Diagnostic/GMD/Expert stuff/XGM.GAS_SUPPLY/FL2.HALL.XGMD/GAS.COMPAT.ID/index,/FL2/Photon Diagnostic/GMD/Expert stuff/XGM.GAS_SUPPLY/FL2.HALL.XGMD/GAS.COMPAT.ID/value,"(62,)","(62,)",uint32,float32,62,4330,0.014318706697459584,57,0.013163972286374134,0,sparse_train_indexed_monitor,62,62,1.0,0.0,0.0,0.0,0.0,0.0,1
/FL2/Photon Diagnostic/GMD/Expert stuff/XGM.GAS_SUPPLY/FL2.HALL.XGMD/GAS.TYPE.ID,/FL2/Photon Diagnostic/GMD/Expert stuff/XGM.GAS_SUPPLY/FL2.HALL.XGMD/GAS.TYPE.ID/index,/FL2/Photon Diagnostic/GMD/Expert stuff/XGM.GAS_SUPPLY/FL2.HALL.XGMD/GAS.TYPE.ID/value,"(62,)","(62,)",uint32,float32,62,4330,0.014318706697459584,57,0.013163972286374134,0,sparse_train_indexed_monitor,62,62,1.0,3.0,3.0,3.0,3.0,3.0,1
/FL2/Photon Diagnostic/GMD/Expert stuff/XGM.GAS_SUPPLY/FL2.TUNNEL.XGMD/GAS.COMPAT.ID,/FL2/Photon Diagnostic/GMD/Expert stuff/XGM.GAS_SUPPLY/FL2.TUNNEL.XGMD/GAS.COMPAT.ID/index,/FL2/Photon Diagnostic/GMD/Expert stuff/XGM.GAS_SUPPLY/FL2.TUNNEL.XGMD/GAS.COMPAT.ID/value,"(62,)","(62,)",uint32,float32,62,4330,0.014318706697459584,57,0.013163972286374134,0,sparse_train_indexed_monitor,62,62,1.0,0.0,0.0,0.0,0.0,0.0,1
/FL2/Photon Diagnostic/GMD/Expert stuff/XGM.GAS_SUPPLY/FL2.TUNNEL.XGMD/GAS.TYPE.ID,/FL2/Photon Diagnostic/GMD/Expert stuff/XGM.GAS_SUPPLY/FL2.TUNNEL.XGMD/GAS.TYPE.ID/index,/FL2/Photon Diagnostic/GMD/Expert stuff/XGM.GAS_SUPPLY/FL2.TUNNEL.XGMD/GAS.TYPE.ID/value,"(62,)","(62,)",uint32,float32,62,4330,0.014318706697459584,57,0.013163972286374134,0,sparse_train_indexed_monitor,62,62,1.0,3.0,3.0,3.0,3.0,3.0,1
/FL2/Photon Diagnostic/GMD/Expert stuff/XGM.PHOTONFLUX/FL2.HALL/CROSS.INTERPOLATED,/FL2/Photon Diagnostic/GMD/Expert stuff/XGM.PHOTONFLUX/FL2.HALL/CROSS.INTERPOLATED/index,/FL2/Photon Diagnostic/GMD/Expert stuff/XGM.PHOTONFLUX/FL2.HALL/CROSS.INTERPOLATED/value,"(68,)","(68,)",uint32,float32,68,4330,0.015704387990762125,63,0.014549653579676674,0,sparse_train_indexed_monitor,68,68,1.0,4.6216301918029785,4.6216301918029785,4.632363796234131,4.6431379318237305,4.6431379318237305,8
/FL2/Photon Diagnostic/GMD/Expert stuff/XGM.PHOTONFLUX/FL2.HALL/CROSS.USED,/FL2/Photon Diagnostic/GMD/Expert stuff/XGM.PHOTONFLUX/FL2.HALL/CROSS.USED/index,/FL2/Photon Diagnostic/GMD/Expert stuff/XGM.PHOTONFLUX/FL2.HALL/CROSS.USED/value,"(68,)","(68,)",uint32,float32,68,4330,0.015704387990762125,63,0.014549653579676674,0,sparse_train_indexed_monitor,68,68,1.0,4.6216301918029785,4.6216301918029785,4.632363796234131,4.6431379318237305,4.6431379318237305,8
/FL2/Photon Diagnostic/GMD/Expert stuff/XGM.PHOTONFLUX/FL2.HALL/CURRENT.1,/FL2/Photon Diagnostic/GMD/Expert stuff/XGM.PHOTONFLUX/FL2.HALL/CURRENT.1/index,/FL2/Photon Diagnostic/GMD/Expert stuff/XGM.PHOTONFLUX/FL2.HALL/CURRENT.1/value,"(492,)","(492,)",uint32,float32,492,4330,0.11362586605080831,463,0.10692840646651271,0,sparse_train_indexed_monitor,492,492,1.0,2.585776037733467e-10,2.6126480784371965e-10,3.816939542211628e-10,6.736745050694992e-10,6.8003647157866e-10,470
/FL2/Photon Diagnostic/GMD/Expert stuff/XGM.PHOTONFLUX/FL2.HALL/CURRENT.2,/FL2/Photon Diagnostic/GMD/Expert stuff/XGM.PHOTONFLUX/FL2.HALL/CURRENT.2/index,/FL2/Photon Diagnostic/GMD/Expert stuff/XGM.PHOTONFLUX/FL2.HALL/CURRENT.2/value,"(490,)","(490,)",uint32,float32,490,4330,0.11316397228637413,462,0.1066974595842956,0,sparse_train_indexed_monitor,490,490,1.0,1.8863539896774029e-10,1.904310414913013e-10,2.8430868770357165e-10,5.150479470694691e-10,5.211547304817543e-10,466
/FL2/Photon Diagnostic/GMD/Expert stuff/XGM.PHOTONFLUX/FL2.HALL/CURRENT.SUM,/FL2/Photon Diagnostic/GMD/Expert stuff/XGM.PHOTONFLUX/FL2.HALL/CURRENT.SUM/index,/FL2/Photon Diagnostic/GMD/Expert stuff/XGM.PHOTONFLUX/FL2.HALL/CURRENT.SUM/value,"(486,)","(486,)",uint32,float32,486,4330,0.11224018475750577,457,0.10554272517321016,0,sparse_train_indexed_monitor,486,486,1.0,4.480256721173248e-10,4.5006342264120034e-10,6.671257712920209e-10,1.1854942139066793e-09,1.1996055260254934e-09,457
/FL2/Photon Diagnostic/GMD/Expert stuff/XGM.PHOTONFLUX/FL2.HALL/GAMMA.INTERPOLATED,/FL2/Photon Diagnostic/GMD/Expert stuff/XGM.PHOTONFLUX/FL2.HALL/GAMMA.INTERPOLATED/index,/FL2/Photon Diagnostic/GMD/Expert stuff/XGM.PHOTONFLUX/FL2.HALL/GAMMA.INTERPOLATED/value,"(68,)","(68,)",uint32,float32,68,4330,0.015704387990762125,63,0.014549653579676674,0,sparse_train_indexed_monitor,68,68,1.0,2.5576071739196777,2.5576071739196777,2.5587351322174072,2.559859037399292,2.559859037399292,8
/FL2/Photon Diagnostic/GMD/Expert stuff/XGM.PHOTONFLUX/FL2.HALL/GAMMA.USED,/FL2/Photon Diagnostic/GMD/Expert stuff/XGM.PHOTONFLUX/FL2.HALL/GAMMA.USED/index,/FL2/Photon Diagnostic/GMD/Expert stuff/XGM.PHOTONFLUX/FL2.HALL/GAMMA.USED/value,"(68,)","(68,)",uint32,float32,68,4330,0.015704387990762125,63,0.014549653579676674,0,sparse_train_indexed_monitor,68,68,1.0,2.5576071739196777,2.5576071739196777,2.5587351322174072,2.559859037399292,2.559859037399292,8
/FL2/Photon Diagnostic/GMD/Expert stuff/XGM.PHOTONFLUX/FL2.HALL/GASTYPE.USED,/FL2/Photon Diagnostic/GMD/Expert stuff/XGM.PHOTONFLUX/FL2.HALL/GASTYPE.USED/index,/FL2/Photon Diagnostic/GMD/Expert stuff/XGM.PHOTONFLUX/FL2.HALL/GASTYPE.USED/value,"(62,)","(62,)",uint32,float32,62,4330,0.014318706697459584,57,0.013163972286374134,0,sparse_train_indexed_monitor,62,62,1.0,3.0,3.0,3.0,3.0,3.0,1
/FL2/Photon Diagnostic/GMD/Expert stuff/XGM.PHOTONFLUX/FL2.HALL/GMD.ERROR,/FL2/Photon Diagnostic/GMD/Expert stuff/XGM.PHOTONFLUX/FL2.HALL/GMD.ERROR/index,/FL2/Photon Diagnostic/GMD/Expert stuff/XGM.PHOTONFLUX/FL2.HALL/GMD.ERROR/value,"(62,)","(62,)",uint32,float32,62,4330,0.014318706697459584,57,0.013163972286374134,0,sparse_train_indexed_monitor,62,62,1.0,0.0,0.0,0.0,0.0,0.0,1
/FL2/Photon Diagnostic/GMD/Expert stuff/XGM.PHOTONFLUX/FL2.HALL/NUMBEROFBUNCHES.FILTERED,/FL2/Photon Diagnostic/GMD/Expert stuff/XGM.PHOTONFLUX/FL2.HALL/NUMBEROFBUNCHES.FILTERED/index,/FL2/Photon Diagnostic/GMD/Expert stuff/XGM.PHOTONFLUX/FL2.HALL/NUMBEROFBUNCHES.FILTERED/value,"(62,)","(62,)",uint32,float32,62,4330,0.014318706697459584,57,0.013163972286374134,0,sparse_train_indexed_monitor,62,62,1.0,29.99794578552246,29.99794578552246,29.99794578552246,29.99794578552246,29.99794578552246,1
/FL2/Photon Diagnostic/GMD/Expert stuff/XGM.PHOTONFLUX/FL2.HALL/PHOTONFLUX.CONVERSION,/FL2/Photon Diagnostic/GMD/Expert stuff/XGM.PHOTONFLUX/FL2.HALL/PHOTONFLUX.CONVERSION/index,/FL2/Photon Diagnostic/GMD/Expert stuff/XGM.PHOTONFLUX/FL2.HALL/PHOTONFLUX.CONVERSION/value,"(103,)","(103,)",uint32,float32,103,4330,0.02378752886836028,96,0.022170900692840646,0,sparse_train_indexed_monitor,103,103,1.0,1734677.625,1734677.625,1741149.375,1747725.5,1747725.5,39
/FL2/Photon Diagnostic/GMD/Expert stuff/XGM.PHOTONFLUX/FL2.HALL/PHOTONFLUX.UJ.SIGMA,/FL2/Photon Diagnostic/GMD/Expert stuff/XGM.PHOTONFLUX/FL2.HALL/PHOTONFLUX.UJ.SIGMA/index,/FL2/Photon Diagnostic/GMD/Expert stuff/XGM.PHOTONFLUX/FL2.HALL/PHOTONFLUX.UJ.SIGMA/value,"(486,)","(486,)",uint32,float32,486,4330,0.11224018475750577,457,0.10554272517321016,0,sparse_train_indexed_monitor,486,486,1.0,0.060201410204172134,0.060473996214568615,0.08929090201854706,0.15778628513216972,0.15966184437274933,457
/FL2/Photon Diagnostic/GMD/Expert stuff/XGM.PHOTONFLUX/FL2.HALL/PHOTONFLUX.W,/FL2/Photon Diagnostic/GMD/Expert stuff/XGM.PHOTONFLUX/FL2.HALL/PHOTONFLUX.W/index,/FL2/Photon Diagnostic/GMD/Expert stuff/XGM.PHOTONFLUX/FL2.HALL/PHOTONFLUX.W/value,"(486,)","(486,)",uint32,float32,486,4330,0.11224018475750577,457,0.10554272517321016,0,sparse_train_indexed_monitor,486,486,1.0,0.0007829880341887474,0.000786548008909449,0.001162836910225451,0.0020569312735460696,0.0020814076997339725,457
/FL2/Photon Diagnostic/GMD/Expert stuff/XGM.PHOTONFLUX/FL2.HALL/PHOTONFLUX.W.SIGMA,/FL2/Photon Diagnostic/GMD/Expert stuff/XGM.PHOTONFLUX/FL2.HALL/PHOTONFLUX.W.SIGMA/index,/FL2/Photon Diagnostic/GMD/Expert stuff/XGM.PHOTONFLUX/FL2.HALL/PHOTONFLUX.W.SIGMA/value,"(486,)","(486,)",uint32,float32,486,4330,0.11224018475750577,457,0.10554272517321016,0,sparse_train_indexed_monitor,486,486,1.0,1.805918691388797e-05,1.814095712688868e-05,2.6785437512444332e-05,4.7332645954156755e-05,4.7895275201881304e-05,457
/FL2/Photon Diagnostic/GMD/Expert stuff/XGM.PHOTONFLUX/FL2.HALL/PHOTONFLUX.W.STATE,/FL2/Photon Diagnostic/GMD/Expert stuff/XGM.PHOTONFLUX/FL2.HALL/PHOTONFLUX.W.STATE/index,/FL2/Photon Diagnostic/GMD/Expert stuff/XGM.PHOTONFLUX/FL2.HALL/PHOTONFLUX.W.STATE/value,"(65,)","(65,)",uint32,float32,65,4330,0.015011547344110854,60,0.013856812933025405,0,sparse_train_indexed_monitor,65,65,1.0,0.0,0.0,0.0,4096.0,4096.0,2
/FL2/Photon Diagnostic/GMD/Expert stuff/XGM.PHOTONFLUX/FL2.HALL/PRESSURE,/FL2/Photon Diagnostic/GMD/Expert stuff/XGM.PHOTONFLUX/FL2.HALL/PRESSURE/index,/FL2/Photon Diagnostic/GMD/Expert stuff/XGM.PHOTONFLUX/FL2.HALL/PRESSURE/value,"(65,)","(65,)",uint32,float32,65,4330,0.015011547344110854,60,0.013856812933025405,0,sparse_train_indexed_monitor,65,65,1.0,2.3307376977754757e-05,2.3307376977754757e-05,2.331995165150147e-05,2.3320646505453624e-05,2.3320646505453624e-05,7
/FL2/Photon Diagnostic/GMD/Expert stuff/XGM.PHOTONFLUX/FL2.HALL/ROUGH.PRESSURE,/FL2/Photon Diagnostic/GMD/Expert stuff/XGM.PHOTONFLUX/FL2.HALL/ROUGH.PRESSURE/index,/FL2/Photon Diagnostic/GMD/Expert stuff/XGM.PHOTONFLUX/FL2.HALL/ROUGH.PRESSURE/value,"(133,)","(133,)",uint32,float32,133,4330,0.03071593533487298,125,0.028868360277136258,0,sparse_train_indexed_monitor,133,133,1.0,3.479999941191636e-05,3.5000000934815034e-05,3.5000000934815034e-05,3.510000169626437e-05,3.510000169626437e-05,3
/FL2/Photon Diagnostic/GMD/Expert stuff/XGM.PHOTONFLUX/FL2.HALL/WAVELENGTH.USED,/FL2/Photon Diagnostic/GMD/Expert stuff/XGM.PHOTONFLUX/FL2.HALL/WAVELENGTH.USED/index,/FL2/Photon Diagnostic/GMD/Expert stuff/XGM.PHOTONFLUX/FL2.HALL/WAVELENGTH.USED/value,"(68,)","(68,)",uint32,float32,68,4330,0.015704387990762125,63,0.014549653579676674,0,sparse_train_indexed_monitor,68,68,1.0,4.575062274932861,4.575062274932861,4.583518981933594,4.592007160186768,4.592007160186768,8
/FL2/Photon Diagnostic/GMD/Expert stuff/XGM.PHOTONFLUX/FL2.TUNNEL/CROSS.INTERPOLATED,/FL2/Photon Diagnostic/GMD/Expert stuff/XGM.PHOTONFLUX/FL2.TUNNEL/CROSS.INTERPOLATED/index,/FL2/Photon Diagnostic/GMD/Expert stuff/XGM.PHOTONFLUX/FL2.TUNNEL/CROSS.INTERPOLATED/value,"(68,)","(68,)",uint32,float32,68,4330,0.015704387990762125,63,0.014549653579676674,0,sparse_train_indexed_monitor,68,68,1.0,4.6216301918029785,4.6216301918029785,4.632363796234131,4.6431379318237305,4.6431379318237305,8
/FL2/Photon Diagnostic/GMD/Expert stuff/XGM.PHOTONFLUX/FL2.TUNNEL/CROSS.USED,/FL2/Photon Diagnostic/GMD/Expert stuff/XGM.PHOTONFLUX/FL2.TUNNEL/CROSS.USED/index,/FL2/Photon Diagnostic/GMD/Expert stuff/XGM.PHOTONFLUX/FL2.TUNNEL/CROSS.USED/value,"(68,)","(68,)",uint32,float32,68,4330,0.015704387990762125,63,0.014549653579676674,0,sparse_train_indexed_monitor,68,68,1.0,4.6216301918029785,4.6216301918029785,4.632363796234131,4.6431379318237305,4.6431379318237305,8
/FL2/Photon Diagnostic/GMD/Expert stuff/XGM.PHOTONFLUX/FL2.TUNNEL/CURRENT.1,/FL2/Photon Diagnostic/GMD/Expert stuff/XGM.PHOTONFLUX/FL2.TUNNEL/CURRENT.1/index,/FL2/Photon Diagnostic/GMD/Expert stuff/XGM.PHOTONFLUX/FL2.TUNNEL/CURRENT.1/value,"(490,)","(490,)",uint32,float32,490,4330,0.11316397228637413,462,0.1066974595842956,0,sparse_train_indexed_monitor,490,490,1.0,5.1686488422575394e-11,5.195377485861519e-11,7.534145529675129e-11,1.306218458396735e-10,1.312501912709152e-10,467
/FL2/Photon Diagnostic/GMD/Expert stuff/XGM.PHOTONFLUX/FL2.TUNNEL/CURRENT.2,/FL2/Photon Diagnostic/GMD/Expert stuff/XGM.PHOTONFLUX/FL2.TUNNEL/CURRENT.2/index,/FL2/Photon Diagnostic/GMD/Expert stuff/XGM.PHOTONFLUX/FL2.TUNNEL/CURRENT.2/value,"(492,)","(492,)",uint32,float32,492,4330,0.11362586605080831,463,0.10692840646651271,0,sparse_train_indexed_monitor,492,492,1.0,4.5486409777639736e-11,4.567981000402899e-11,6.729065568644721e-11,1.178746066032854e-10,1.1851859771372375e-10,470
/FL2/Photon Diagnostic/GMD/Expert stuff/XGM.PHOTONFLUX/FL2.TUNNEL/CURRENT.SUM,/FL2/Photon Diagnostic/GMD/Expert stuff/XGM.PHOTONFLUX/FL2.TUNNEL/CURRENT.SUM/index,/FL2/Photon Diagnostic/GMD/Expert stuff/XGM.PHOTONFLUX/FL2.TUNNEL/CURRENT.SUM/value,"(470,)","(470,)",uint32,float32,470,4330,0.10854503464203233,442,0.10207852193995381,0,sparse_train_indexed_monitor,470,470,1.0,9.712158854924269e-11,9.76274656949716e-11,1.4259511627034982e-10,2.485663622153744e-10,2.4976878898463895e-10,439
/FL2/Photon Diagnostic/GMD/Expert stuff/XGM.PHOTONFLUX/FL2.TUNNEL/GAMMA.INTERPOLATED,/FL2/Photon Diagnostic/GMD/Expert stuff/XGM.PHOTONFLUX/FL2.TUNNEL/GAMMA.INTERPOLATED/index,/FL2/Photon Diagnostic/GMD/Expert stuff/XGM.PHOTONFLUX/FL2.TUNNEL/GAMMA.INTERPOLATED/value,"(68,)","(68,)",uint32,float32,68,4330,0.015704387990762125,63,0.014549653579676674,0,sparse_train_indexed_monitor,68,68,1.0,2.5576071739196777,2.5576071739196777,2.5587351322174072,2.559859037399292,2.559859037399292,8
/FL2/Photon Diagnostic/GMD/Expert stuff/XGM.PHOTONFLUX/FL2.TUNNEL/GAMMA.USED,/FL2/Photon Diagnostic/GMD/Expert stuff/XGM.PHOTONFLUX/FL2.TUNNEL/GAMMA.USED/index,/FL2/Photon Diagnostic/GMD/Expert stuff/XGM.PHOTONFLUX/FL2.TUNNEL/GAMMA.USED/value,"(68,)","(68,)",uint32,float32,68,4330,0.015704387990762125,63,0.014549653579676674,0,sparse_train_indexed_monitor,68,68,1.0,2.5576071739196777,2.5576071739196777,2.5587351322174072,2.559859037399292,2.559859037399292,8
/FL2/Photon Diagnostic/GMD/Expert stuff/XGM.PHOTONFLUX/FL2.TUNNEL/GASTYPE.USED,/FL2/Photon Diagnostic/GMD/Expert stuff/XGM.PHOTONFLUX/FL2.TUNNEL/GASTYPE.USED/index,/FL2/Photon Diagnostic/GMD/Expert stuff/XGM.PHOTONFLUX/FL2.TUNNEL/GASTYPE.USED/value,"(62,)","(62,)",uint32,float32,62,4330,0.014318706697459584,57,0.013163972286374134,0,sparse_train_indexed_monitor,62,62,1.0,3.0,3.0,3.0,3.0,3.0,1
/FL2/Photon Diagnostic/GMD/Expert stuff/XGM.PHOTONFLUX/FL2.TUNNEL/GMD.ERROR,/FL2/Photon Diagnostic/GMD/Expert stuff/XGM.PHOTONFLUX/FL2.TUNNEL/GMD.ERROR/index,/FL2/Photon Diagnostic/GMD/Expert stuff/XGM.PHOTONFLUX/FL2.TUNNEL/GMD.ERROR/value,"(62,)","(62,)",uint32,float32,62,4330,0.014318706697459584,57,0.013163972286374134,0,sparse_train_indexed_monitor,62,62,1.0,0.0,0.0,0.0,0.0,0.0,1
/FL2/Photon Diagnostic/GMD/Expert stuff/XGM.PHOTONFLUX/FL2.TUNNEL/NUMBEROFBUNCHES.FILTERED,/FL2/Photon Diagnostic/GMD/Expert stuff/XGM.PHOTONFLUX/FL2.TUNNEL/NUMBEROFBUNCHES.FILTERED/index,/FL2/Photon Diagnostic/GMD/Expert stuff/XGM.PHOTONFLUX/FL2.TUNNEL/NUMBEROFBUNCHES.FILTERED/value,"(62,)","(62,)",uint32,float32,62,4330,0.014318706697459584,57,0.013163972286374134,0,sparse_train_indexed_monitor,62,62,1.0,29.99794578552246,29.99794578552246,29.99794578552246,29.99794578552246,29.99794578552246,1
/FL2/Photon Diagnostic/GMD/Expert stuff/XGM.PHOTONFLUX/FL2.TUNNEL/PHOTONFLUX.CONVERSION,/FL2/Photon Diagnostic/GMD/Expert stuff/XGM.PHOTONFLUX/FL2.TUNNEL/PHOTONFLUX.CONVERSION/index,/FL2/Photon Diagnostic/GMD/Expert stuff/XGM.PHOTONFLUX/FL2.TUNNEL/PHOTONFLUX.CONVERSION/value,"(111,)","(111,)",uint32,float32,111,4330,0.025635103926096997,103,0.02378752886836028,0,sparse_train_indexed_monitor,111,111,1.0,10331619.0,10333097.0,10377058.0,10425719.2,10425816.0,37
/FL2/Photon Diagnostic/GMD/Expert stuff/XGM.PHOTONFLUX/FL2.TUNNEL/PHOTONFLUX.UJ.SIGMA,/FL2/Photon Diagnostic/GMD/Expert stuff/XGM.PHOTONFLUX/FL2.TUNNEL/PHOTONFLUX.UJ.SIGMA/index,/FL2/Photon Diagnostic/GMD/Expert stuff/XGM.PHOTONFLUX/FL2.TUNNEL/PHOTONFLUX.UJ.SIGMA/value,"(469,)","(469,)",uint32,float32,469,4330,0.10831408775981524,441,0.10184757505773671,0,sparse_train_indexed_monitor,469,469,1.0,0.08111891150474548,0.08149293392896652,0.11882954835891724,0.20568521678447724,0.2066788375377655,438
/FL2/Photon Diagnostic/GMD/Expert stuff/XGM.PHOTONFLUX/FL2.TUNNEL/PHOTONFLUX.W,/FL2/Photon Diagnostic/GMD/Expert stuff/XGM.PHOTONFLUX/FL2.TUNNEL/PHOTONFLUX.W/index,/FL2/Photon Diagnostic/GMD/Expert stuff/XGM.PHOTONFLUX/FL2.TUNNEL/PHOTONFLUX.W/value,"(469,)","(469,)",uint32,float32,469,4330,0.10831408775981524,441,0.10184757505773671,0,sparse_train_indexed_monitor,469,469,1.0,0.0010125325061380863,0.0010172060551121831,0.0014837270136922598,0.0025689500011503697,0.0025813679676502943,438
/FL2/Photon Diagnostic/GMD/Expert stuff/XGM.PHOTONFLUX/FL2.TUNNEL/PHOTONFLUX.W.SIGMA,/FL2/Photon Diagnostic/GMD/Expert stuff/XGM.PHOTONFLUX/FL2.TUNNEL/PHOTONFLUX.W.SIGMA/index,/FL2/Photon Diagnostic/GMD/Expert stuff/XGM.PHOTONFLUX/FL2.TUNNEL/PHOTONFLUX.W.SIGMA/value,"(470,)","(470,)",uint32,float32,470,4330,0.10854503464203233,442,0.10207852193995381,0,sparse_train_indexed_monitor,470,470,1.0,2.4334007321158424e-05,2.44462615410157e-05,3.567663225112483e-05,6.170112523250282e-05,6.199940980877727e-05,439
/FL2/Photon Diagnostic/GMD/Expert stuff/XGM.PHOTONFLUX/FL2.TUNNEL/PHOTONFLUX.W.STATE,/FL2/Photon Diagnostic/GMD/Expert stuff/XGM.PHOTONFLUX/FL2.TUNNEL/PHOTONFLUX.W.STATE/index,/FL2/Photon Diagnostic/GMD/Expert stuff/XGM.PHOTONFLUX/FL2.TUNNEL/PHOTONFLUX.W.STATE/value,"(66,)","(66,)",uint32,float32,66,4330,0.015242494226327945,61,0.014087759815242495,0,sparse_train_indexed_monitor,66,66,1.0,0.0,0.0,0.0,4096.0,4096.0,2
/FL2/Photon Diagnostic/GMD/Expert stuff/XGM.PHOTONFLUX/FL2.TUNNEL/PRESSURE,/FL2/Photon Diagnostic/GMD/Expert stuff/XGM.PHOTONFLUX/FL2.TUNNEL/PRESSURE/index,/FL2/Photon Diagnostic/GMD/Expert stuff/XGM.PHOTONFLUX/FL2.TUNNEL/PRESSURE/value,"(73,)","(73,)",uint32,float32,73,4330,0.016859122401847577,68,0.015704387990762125,0,sparse_train_indexed_monitor,73,73,1.0,3.923101758118719e-06,3.923101758118719e-06,3.926837507606251e-06,3.928962069039699e-06,3.929414560843725e-06,9
/FL2/Photon Diagnostic/GMD/Expert stuff/XGM.PHOTONFLUX/FL2.TUNNEL/ROUGH.PRESSURE,/FL2/Photon Diagnostic/GMD/Expert stuff/XGM.PHOTONFLUX/FL2.TUNNEL/ROUGH.PRESSURE/index,/FL2/Photon Diagnostic/GMD/Expert stuff/XGM.PHOTONFLUX/FL2.TUNNEL/ROUGH.PRESSURE/value,"(62,)","(62,)",uint32,float32,62,4330,0.014318706697459584,57,0.013163972286374134,0,sparse_train_indexed_monitor,62,62,1.0,7.93999970483128e-06,7.93999970483128e-06,7.93999970483128e-06,7.93999970483128e-06,7.93999970483128e-06,1
/FL2/Photon Diagnostic/GMD/Expert stuff/XGM.PHOTONFLUX/FL2.TUNNEL/WAVELENGTH.USED,/FL2/Photon Diagnostic/GMD/Expert stuff/XGM.PHOTONFLUX/FL2.TUNNEL/WAVELENGTH.USED/index,/FL2/Photon Diagnostic/GMD/Expert stuff/XGM.PHOTONFLUX/FL2.TUNNEL/WAVELENGTH.USED/value,"(68,)","(68,)",uint32,float32,68,4330,0.015704387990762125,63,0.014549653579676674,0,sparse_train_indexed_monitor,68,68,1.0,4.575062274932861,4.575062274932861,4.583518981933594,4.592007160186768,4.592007160186768,8
/FL2/Photon Diagnostic/GMD/Expert stuff/XGM.PRESSURE/FL2.HALL.SRG/DCR,/FL2/Photon Diagnostic/GMD/Expert stuff/XGM.PRESSURE/FL2.HALL.SRG/DCR/index,/FL2/Photon Diagnostic/GMD/Expert stuff/XGM.PRESSURE/FL2.HALL.SRG/DCR/value,"(69,)","(69,)",uint32,float32,69,4330,0.015935334872979216,64,0.014780600461893764,0,sparse_train_indexed_monitor,69,69,1.0,2.3417001102643553e-06,2.3417001102643553e-06,2.3432000944012543e-06,2.3437999061570736e-06,2.3437999061570736e-06,12
/FL2/Photon Diagnostic/GMD/Expert stuff/XGM.PRESSURE/FL2.HALL.SRG/GAS.TYPE,/FL2/Photon Diagnostic/GMD/Expert stuff/XGM.PRESSURE/FL2.HALL.SRG/GAS.TYPE/index,/FL2/Photon Diagnostic/GMD/Expert stuff/XGM.PRESSURE/FL2.HALL.SRG/GAS.TYPE/value,"(62,)","(62,)",uint32,float32,62,4330,0.014318706697459584,57,0.013163972286374134,0,sparse_train_indexed_monitor,62,62,1.0,3.0,3.0,3.0,3.0,3.0,1
/FL2/Photon Diagnostic/GMD/Expert stuff/XGM.PRESSURE/FL2.HALL.SRG/PRESSURE,/FL2/Photon Diagnostic/GMD/Expert stuff/XGM.PRESSURE/FL2.HALL.SRG/PRESSURE/index,/FL2/Photon Diagnostic/GMD/Expert stuff/XGM.PRESSURE/FL2.HALL.SRG/PRESSURE/value,"(95,)","(95,)",uint32,float32,95,4330,0.021939953810623556,89,0.020554272517321018,0,sparse_train_indexed_monitor,95,95,1.0,2.329651943000499e-05,2.329651943000499e-05,2.332024996576365e-05,2.332896474399604e-05,2.332896474399604e-05,39
/FL2/Photon Diagnostic/GMD/Expert stuff/XGM.PRESSURE/FL2.HALL.SRG/PRESSURE.FILTERED,/FL2/Photon Diagnostic/GMD/Expert stuff/XGM.PRESSURE/FL2.HALL.SRG/PRESSURE.FILTERED/index,/FL2/Photon Diagnostic/GMD/Expert stuff/XGM.PRESSURE/FL2.HALL.SRG/PRESSURE.FILTERED/value,"(67,)","(67,)",uint32,float32,67,4330,0.015473441108545035,62,0.014318706697459584,0,sparse_train_indexed_monitor,67,67,1.0,2.3307376977754757e-05,2.3307376977754757e-05,2.331995165150147e-05,2.3320646505453624e-05,2.3320646505453624e-05,7
/FL2/Photon Diagnostic/GMD/Expert stuff/XGM.PRESSURE/FL2.HALL.SRG/RD,/FL2/Photon Diagnostic/GMD/Expert stuff/XGM.PRESSURE/FL2.HALL.SRG/RD/index,/FL2/Photon Diagnostic/GMD/Expert stuff/XGM.PRESSURE/FL2.HALL.SRG/RD/value,"(62,)","(62,)",uint32,float32,62,4330,0.014318706697459584,57,0.013163972286374134,0,sparse_train_indexed_monitor,62,62,1.0,8.150000212481245e-07,8.150000212481245e-07,8.150000212481245e-07,8.150000212481245e-07,8.150000212481245e-07,1
/FL2/Photon Diagnostic/GMD/Expert stuff/XGM.PRESSURE/FL2.HALL.SRG/RDs,/FL2/Photon Diagnostic/GMD/Expert stuff/XGM.PRESSURE/FL2.HALL.SRG/RDs/index,/FL2/Photon Diagnostic/GMD/Expert stuff/XGM.PRESSURE/FL2.HALL.SRG/RDs/value,"(62,)","(62,)",uint32,float32,62,4330,0.014318706697459584,57,0.013163972286374134,0,sparse_train_indexed_monitor,62,62,1.0,-1.2999999687846042e-10,-1.2999999687846042e-10,-1.2999999687846042e-10,-1.2999999687846042e-10,-1.2999999687846042e-10,1
/FL2/Photon Diagnostic/GMD/Expert stuff/XGM.PRESSURE/FL2.HALL.SRG/RSP,/FL2/Photon Diagnostic/GMD/Expert stuff/XGM.PRESSURE/FL2.HALL.SRG/RSP/index,/FL2/Photon Diagnostic/GMD/Expert stuff/XGM.PRESSURE/FL2.HALL.SRG/RSP/value,"(122,)","(122,)",uint32,float32,122,4330,0.02817551963048499,114,0.026327944572748268,0,sparse_train_indexed_monitor,122,122,1.0,405.25,405.260009765625,405.47999572753906,405.7078958129883,405.7200012207031,40
/FL2/Photon Diagnostic/GMD/Expert stuff/XGM.PRESSURE/FL2.TUNNEL.SRG/DCR,/FL2/Photon Diagnostic/GMD/Expert stuff/XGM.PRESSURE/FL2.TUNNEL.SRG/DCR/index,/FL2/Photon Diagnostic/GMD/Expert stuff/XGM.PRESSURE/FL2.TUNNEL.SRG/DCR/value,"(77,)","(77,)",uint32,float32,77,4330,0.017782909930715934,72,0.016628175519630486,0,sparse_train_indexed_monitor,77,77,1.0,6.498199809357175e-07,6.498199809357175e-07,6.50629999654484e-07,6.512499908239988e-07,6.512499908239988e-07,17
/FL2/Photon Diagnostic/GMD/Expert stuff/XGM.PRESSURE/FL2.TUNNEL.SRG/GAS.TYPE,/FL2/Photon Diagnostic/GMD/Expert stuff/XGM.PRESSURE/FL2.TUNNEL.SRG/GAS.TYPE/index,/FL2/Photon Diagnostic/GMD/Expert stuff/XGM.PRESSURE/FL2.TUNNEL.SRG/GAS.TYPE/value,"(62,)","(62,)",uint32,float32,62,4330,0.014318706697459584,57,0.013163972286374134,0,sparse_train_indexed_monitor,62,62,1.0,3.0,3.0,3.0,3.0,3.0,1
/FL2/Photon Diagnostic/GMD/Expert stuff/XGM.PRESSURE/FL2.TUNNEL.SRG/PRESSURE,/FL2/Photon Diagnostic/GMD/Expert stuff/XGM.PRESSURE/FL2.TUNNEL.SRG/PRESSURE/index,/FL2/Photon Diagnostic/GMD/Expert stuff/XGM.PRESSURE/FL2.TUNNEL.SRG/PRESSURE/value,"(100,)","(100,)",uint32,float32,100,4330,0.023094688221709007,95,0.021939953810623556,0,sparse_train_indexed_monitor,100,100,1.0,3.9144319998740684e-06,3.914448207069654e-06,3.926494628103683e-06,3.935698259738274e-06,3.935698259738274e-06,37
/FL2/Photon Diagnostic/GMD/Expert stuff/XGM.PRESSURE/FL2.TUNNEL.SRG/PRESSURE.FILTERED,/FL2/Photon Diagnostic/GMD/Expert stuff/XGM.PRESSURE/FL2.TUNNEL.SRG/PRESSURE.FILTERED/index,/FL2/Photon Diagnostic/GMD/Expert stuff/XGM.PRESSURE/FL2.TUNNEL.SRG/PRESSURE.FILTERED/value,"(73,)","(73,)",uint32,float32,73,4330,0.016859122401847577,68,0.015704387990762125,0,sparse_train_indexed_monitor,73,73,1.0,3.923101758118719e-06,3.923101758118719e-06,3.926837507606251e-06,3.928962069039699e-06,3.929414560843725e-06,9
/FL2/Photon Diagnostic/GMD/Expert stuff/XGM.PRESSURE/FL2.TUNNEL.SRG/RD,/FL2/Photon Diagnostic/GMD/Expert stuff/XGM.PRESSURE/FL2.TUNNEL.SRG/RD/index,/FL2/Photon Diagnostic/GMD/Expert stuff/XGM.PRESSURE/FL2.TUNNEL.SRG/RD/value,"(62,)","(62,)",uint32,float32,62,4330,0.014318706697459584,57,0.013163972286374134,0,sparse_train_indexed_monitor,62,62,1.0,3.8900000731700857e-07,3.8900000731700857e-07,3.8900000731700857e-07,3.8900000731700857e-07,3.8900000731700857e-07,1
/FL2/Photon Diagnostic/GMD/Expert stuff/XGM.PRESSURE/FL2.TUNNEL.SRG/RDs,/FL2/Photon Diagnostic/GMD/Expert stuff/XGM.PRESSURE/FL2.TUNNEL.SRG/RDs/index,/FL2/Photon Diagnostic/GMD/Expert stuff/XGM.PRESSURE/FL2.TUNNEL.SRG/RDs/value,"(62,)","(62,)",uint32,float32,62,4330,0.014318706697459584,57,0.013163972286374134,0,sparse_train_indexed_monitor,62,62,1.0,1.000000013351432e-10,1.000000013351432e-10,1.000000013351432e-10,1.000000013351432e-10,1.000000013351432e-10,1
/FL2/Photon Diagnostic/GMD/Expert stuff/XGM.PRESSURE/FL2.TUNNEL.SRG/RSP,/FL2/Photon Diagnostic/GMD/Expert stuff/XGM.PRESSURE/FL2.TUNNEL.SRG/RSP/index,/FL2/Photon Diagnostic/GMD/Expert stuff/XGM.PRESSURE/FL2.TUNNEL.SRG/RSP/value,"(108,)","(108,)",uint32,float32,108,4330,0.024942263279445726,101,0.023325635103926098,0,sparse_train_indexed_monitor,108,108,1.0,409.2200012207031,409.2200012207031,409.2900085449219,409.3399963378906,409.3500061035156,14
/FL2/Photon Diagnostic/GMD/Pulse resolved energy/energy hall,/FL2/Photon Diagnostic/GMD/Pulse resolved energy/energy hall/index,/FL2/Photon Diagnostic/GMD/Pulse resolved energy/energy hall/value,"(4513,)","(4513, 8, 30)",uint32,float32,4513,4330,1.0422632794457274,4330,1.0,0,pulse_resolved_bunch_multi_channel,199920,175763,0.8791666666666667,-0.09316489100456238,0.0,0.0,8.289580097198494,4096.0,54855
/FL2/Photon Diagnostic/GMD/Pulse resolved energy/energy tunnel,/FL2/Photon Diagnostic/GMD/Pulse resolved energy/energy tunnel/index,/FL2/Photon Diagnostic/GMD/Pulse resolved energy/energy tunnel/value,"(4513,)","(4513, 8, 30)",uint32,float32,4513,4330,1.0422632794457274,4330,1.0,0,pulse_resolved_bunch_multi_channel,199920,175763,0.8791666666666667,-13.706068992614746,-0.6693111717700957,0.0,12.148376178741456,4096.0,52231
/FL2/Photon Diagnostic/GMD/Two color operation/pulse energy colour 1,/FL2/Photon Diagnostic/GMD/Two color operation/pulse energy colour 1/index,/FL2/Photon Diagnostic/GMD/Two color operation/pulse energy colour 1/value,"(62,)","(62,)",uint32,float32,62,4330,0.014318706697459584,57,0.013163972286374134,0,sparse_train_indexed_monitor,62,0,0.0,nan,nan,nan,nan,nan,nan
/FL2/Photon Diagnostic/GMD/Two color operation/pulse energy colour 2,/FL2/Photon Diagnostic/GMD/Two color operation/pulse energy colour 2/index,/FL2/Photon Diagnostic/GMD/Two color operation/pulse energy colour 2/value,"(62,)","(62,)",uint32,float32,62,4330,0.014318706697459584,57,0.013163972286374134,0,sparse_train_indexed_monitor,62,0,0.0,nan,nan,nan,nan,nan,nan
/FL2/Photon Diagnostic/GMD/Two color operation/wavelength colour 1,/FL2/Photon Diagnostic/GMD/Two color operation/wavelength colour 1/index,/FL2/Photon Diagnostic/GMD/Two color operation/wavelength colour 1/value,"(62,)","(62,)",uint32,float32,62,4330,0.014318706697459584,57,0.013163972286374134,0,sparse_train_indexed_monitor,62,62,1.0,3.200000047683716,3.200000047683716,3.200000047683716,3.200000047683716,3.200000047683716,1
/FL2/Photon Diagnostic/GMD/Two color operation/wavelength colour 2,/FL2/Photon Diagnostic/GMD/Two color operation/wavelength colour 2/index,/FL2/Photon Diagnostic/GMD/Two color operation/wavelength colour 2/value,"(62,)","(62,)",uint32,float32,62,4330,0.014318706697459584,57,0.013163972286374134,0,sparse_train_indexed_monitor,62,62,1.0,9.600000381469727,9.600000381469727,9.600000381469727,9.600000381469727,9.600000381469727,1
/FL2/Photon Diagnostic/Wavelength/OPIS tunnel/Expert stuff/General operation parameters/check iteration interval,/FL2/Photon Diagnostic/Wavelength/OPIS tunnel/Expert stuff/General operation parameters/check iteration interval/index,/FL2/Photon Diagnostic/Wavelength/OPIS tunnel/Expert stuff/General operation parameters/check iteration interval/value,"(62,)","(62,)",uint32,float32,62,4330,0.014318706697459584,57,0.013163972286374134,0,sparse_train_indexed_monitor,62,62,1.0,100.0,100.0,100.0,100.0,100.0,1
/FL2/Photon Diagnostic/Wavelength/OPIS tunnel/Expert stuff/General operation parameters/check routines active,/FL2/Photon Diagnostic/Wavelength/OPIS tunnel/Expert stuff/General operation parameters/check routines active/index,/FL2/Photon Diagnostic/Wavelength/OPIS tunnel/Expert stuff/General operation parameters/check routines active/value,"(62,)","(62,)",uint32,float32,62,4330,0.014318706697459584,57,0.013163972286374134,0,sparse_train_indexed_monitor,62,62,1.0,1.0,1.0,1.0,1.0,1.0,1
/FL2/Photon Diagnostic/Wavelength/OPIS tunnel/Expert stuff/General operation parameters/eTOF1 general ErrStatus,/FL2/Photon Diagnostic/Wavelength/OPIS tunnel/Expert stuff/General operation parameters/eTOF1 general ErrStatus/index,/FL2/Photon Diagnostic/Wavelength/OPIS tunnel/Expert stuff/General operation parameters/eTOF1 general ErrStatus/value,"(62,)","(62,)",uint32,float32,62,4330,0.014318706697459584,57,0.013163972286374134,0,sparse_train_indexed_monitor,62,62,1.0,0.0,0.0,0.0,0.0,0.0,1
/FL2/Photon Diagnostic/Wavelength/OPIS tunnel/Expert stuff/General operation parameters/eTOF1 general WrnStatus,/FL2/Photon Diagnostic/Wavelength/OPIS tunnel/Expert stuff/General operation parameters/eTOF1 general WrnStatus/index,/FL2/Photon Diagnostic/Wavelength/OPIS tunnel/Expert stuff/General operation parameters/eTOF1 general WrnStatus/value,"(62,)","(62,)",uint32,float32,62,4330,0.014318706697459584,57,0.013163972286374134,0,sparse_train_indexed_monitor,62,62,1.0,0.0,0.0,0.0,0.0,0.0,1
/FL2/Photon Diagnostic/Wavelength/OPIS tunnel/Expert stuff/General operation parameters/eTOF2 general ErrStatus,/FL2/Photon Diagnostic/Wavelength/OPIS tunnel/Expert stuff/General operation parameters/eTOF2 general ErrStatus/index,/FL2/Photon Diagnostic/Wavelength/OPIS tunnel/Expert stuff/General operation parameters/eTOF2 general ErrStatus/value,"(62,)","(62,)",uint32,float32,62,4330,0.014318706697459584,57,0.013163972286374134,0,sparse_train_indexed_monitor,62,62,1.0,0.0,0.0,0.0,0.0,0.0,1
/FL2/Photon Diagnostic/Wavelength/OPIS tunnel/Expert stuff/General operation parameters/eTOF2 general WrnStatus,/FL2/Photon Diagnostic/Wavelength/OPIS tunnel/Expert stuff/General operation parameters/eTOF2 general WrnStatus/index,/FL2/Photon Diagnostic/Wavelength/OPIS tunnel/Expert stuff/General operation parameters/eTOF2 general WrnStatus/value,"(62,)","(62,)",uint32,float32,62,4330,0.014318706697459584,57,0.013163972286374134,0,sparse_train_indexed_monitor,62,62,1.0,0.0,0.0,0.0,0.0,0.0,1
/FL2/Photon Diagnostic/Wavelength/OPIS tunnel/Expert stuff/General operation parameters/eTOF3 general ErrStatus,/FL2/Photon Diagnostic/Wavelength/OPIS tunnel/Expert stuff/General operation parameters/eTOF3 general ErrStatus/index,/FL2/Photon Diagnostic/Wavelength/OPIS tunnel/Expert stuff/General operation parameters/eTOF3 general ErrStatus/value,"(62,)","(62,)",uint32,float32,62,4330,0.014318706697459584,57,0.013163972286374134,0,sparse_train_indexed_monitor,62,62,1.0,0.0,0.0,0.0,0.0,0.0,1
/FL2/Photon Diagnostic/Wavelength/OPIS tunnel/Expert stuff/General operation parameters/eTOF3 general WrnStatus,/FL2/Photon Diagnostic/Wavelength/OPIS tunnel/Expert stuff/General operation parameters/eTOF3 general WrnStatus/index,/FL2/Photon Diagnostic/Wavelength/OPIS tunnel/Expert stuff/General operation parameters/eTOF3 general WrnStatus/value,"(62,)","(62,)",uint32,float32,62,4330,0.014318706697459584,57,0.013163972286374134,0,sparse_train_indexed_monitor,62,62,1.0,0.0,0.0,0.0,0.0,0.0,1
/FL2/Photon Diagnostic/Wavelength/OPIS tunnel/Expert stuff/General operation parameters/eTOF4 general ErrStatus,/FL2/Photon Diagnostic/Wavelength/OPIS tunnel/Expert stuff/General operation parameters/eTOF4 general ErrStatus/index,/FL2/Photon Diagnostic/Wavelength/OPIS tunnel/Expert stuff/General operation parameters/eTOF4 general ErrStatus/value,"(62,)","(62,)",uint32,float32,62,4330,0.014318706697459584,57,0.013163972286374134,0,sparse_train_indexed_monitor,62,62,1.0,1.0,1.0,1.0,1.0,1.0,1
/FL2/Photon Diagnostic/Wavelength/OPIS tunnel/Expert stuff/General operation parameters/eTOF4 general WrnStatus,/FL2/Photon Diagnostic/Wavelength/OPIS tunnel/Expert stuff/General operation parameters/eTOF4 general WrnStatus/index,/FL2/Photon Diagnostic/Wavelength/OPIS tunnel/Expert stuff/General operation parameters/eTOF4 general WrnStatus/value,"(62,)","(62,)",uint32,float32,62,4330,0.014318706697459584,57,0.013163972286374134,0,sparse_train_indexed_monitor,62,62,1.0,0.0,0.0,0.0,0.0,0.0,1
/FL2/Photon Diagnostic/Wavelength/OPIS tunnel/Expert stuff/General operation parameters/fixed prompt positions,/FL2/Photon Diagnostic/Wavelength/OPIS tunnel/Expert stuff/General operation parameters/fixed prompt positions/index,/FL2/Photon Diagnostic/Wavelength/OPIS tunnel/Expert stuff/General operation parameters/fixed prompt positions/value,"(62,)","(62,)",uint32,float32,62,4330,0.014318706697459584,57,0.013163972286374134,0,sparse_train_indexed_monitor,62,62,1.0,1.0,1.0,1.0,1.0,1.0,1
/FL2/Photon Diagnostic/Wavelength/OPIS tunnel/Expert stuff/General operation parameters/hv for ROI setting,/FL2/Photon Diagnostic/Wavelength/OPIS tunnel/Expert stuff/General operation parameters/hv for ROI setting/index,/FL2/Photon Diagnostic/Wavelength/OPIS tunnel/Expert stuff/General operation parameters/hv for ROI setting/value,"(68,)","(68,)",uint32,float32,68,4330,0.015704387990762125,63,0.014549653579676674,0,sparse_train_indexed_monitor,68,68,1.0,269.99957275390625,269.99957275390625,270.49957275390625,270.99957275390625,270.99957275390625,8
/FL2/Photon Diagnostic/Wavelength/OPIS tunnel/Expert stuff/General operation parameters/run control status,/FL2/Photon Diagnostic/Wavelength/OPIS tunnel/Expert stuff/General operation parameters/run control status/index,/FL2/Photon Diagnostic/Wavelength/OPIS tunnel/Expert stuff/General operation parameters/run control status/value,"(62,)","(62,)",uint32,float32,62,4330,0.014318706697459584,57,0.013163972286374134,0,sparse_train_indexed_monitor,62,62,1.0,0.0,0.0,0.0,0.0,0.0,1
/FL2/Photon Diagnostic/Wavelength/OPIS tunnel/Expert stuff/XGM.GAS_DOSING/FL2.TUNNEL.OPIS1/BIT,/FL2/Photon Diagnostic/Wavelength/OPIS tunnel/Expert stuff/XGM.GAS_DOSING/FL2.TUNNEL.OPIS1/BIT/index,/FL2/Photon Diagnostic/Wavelength/OPIS tunnel/Expert stuff/XGM.GAS_DOSING/FL2.TUNNEL.OPIS1/BIT/value,"(62,)","(62,)",uint32,float32,62,4330,0.014318706697459584,57,0.013163972286374134,0,sparse_train_indexed_monitor,62,62,1.0,521.0,521.0,521.0,521.0,521.0,1
/FL2/Photon Diagnostic/Wavelength/OPIS tunnel/Expert stuff/XGM.GAS_DOSING/FL2.TUNNEL.OPIS1/DIN.BIT2,/FL2/Photon Diagnostic/Wavelength/OPIS tunnel/Expert stuff/XGM.GAS_DOSING/FL2.TUNNEL.OPIS1/DIN.BIT2/index,/FL2/Photon Diagnostic/Wavelength/OPIS tunnel/Expert stuff/XGM.GAS_DOSING/FL2.TUNNEL.OPIS1/DIN.BIT2/value,"(62,)","(62,)",uint32,float32,62,4330,0.014318706697459584,57,0.013163972286374134,0,sparse_train_indexed_monitor,62,62,1.0,0.0,0.0,0.0,0.0,0.0,1
/FL2/Photon Diagnostic/Wavelength/OPIS tunnel/Expert stuff/XGM.GAS_DOSING/FL2.TUNNEL.OPIS1/DIN.INT,/FL2/Photon Diagnostic/Wavelength/OPIS tunnel/Expert stuff/XGM.GAS_DOSING/FL2.TUNNEL.OPIS1/DIN.INT/index,/FL2/Photon Diagnostic/Wavelength/OPIS tunnel/Expert stuff/XGM.GAS_DOSING/FL2.TUNNEL.OPIS1/DIN.INT/value,"(62,)","(62,)",uint32,float32,62,4330,0.014318706697459584,57,0.013163972286374134,0,sparse_train_indexed_monitor,62,62,1.0,0.0,0.0,0.0,0.0,0.0,1
/FL2/Photon Diagnostic/Wavelength/OPIS tunnel/Expert stuff/XGM.GAS_DOSING/FL2.TUNNEL.OPIS1/DOT.BIT5,/FL2/Photon Diagnostic/Wavelength/OPIS tunnel/Expert stuff/XGM.GAS_DOSING/FL2.TUNNEL.OPIS1/DOT.BIT5/index,/FL2/Photon Diagnostic/Wavelength/OPIS tunnel/Expert stuff/XGM.GAS_DOSING/FL2.TUNNEL.OPIS1/DOT.BIT5/value,"(62,)","(62,)",uint32,float32,62,4330,0.014318706697459584,57,0.013163972286374134,0,sparse_train_indexed_monitor,62,62,1.0,1.0,1.0,1.0,1.0,1.0,1
/FL2/Photon Diagnostic/Wavelength/OPIS tunnel/Expert stuff/XGM.GAS_DOSING/FL2.TUNNEL.OPIS1/DOT.INT,/FL2/Photon Diagnostic/Wavelength/OPIS tunnel/Expert stuff/XGM.GAS_DOSING/FL2.TUNNEL.OPIS1/DOT.INT/index,/FL2/Photon Diagnostic/Wavelength/OPIS tunnel/Expert stuff/XGM.GAS_DOSING/FL2.TUNNEL.OPIS1/DOT.INT/value,"(62,)","(62,)",uint32,float32,62,4330,0.014318706697459584,57,0.013163972286374134,0,sparse_train_indexed_monitor,62,62,1.0,37.0,37.0,37.0,37.0,37.0,1
/FL2/Photon Diagnostic/Wavelength/OPIS tunnel/Expert stuff/XGM.GAS_DOSING/FL2.TUNNEL.OPIS1/GASID,/FL2/Photon Diagnostic/Wavelength/OPIS tunnel/Expert stuff/XGM.GAS_DOSING/FL2.TUNNEL.OPIS1/GASID/index,/FL2/Photon Diagnostic/Wavelength/OPIS tunnel/Expert stuff/XGM.GAS_DOSING/FL2.TUNNEL.OPIS1/GASID/value,"(62,)","(62,)",uint32,float32,62,4330,0.014318706697459584,57,0.013163972286374134,0,sparse_train_indexed_monitor,62,62,1.0,3.0,3.0,3.0,3.0,3.0,1
/FL2/Photon Diagnostic/Wavelength/OPIS tunnel/Expert stuff/XGM.GAS_DOSING/FL2.TUNNEL.OPIS1/PRI.NUM,/FL2/Photon Diagnostic/Wavelength/OPIS tunnel/Expert stuff/XGM.GAS_DOSING/FL2.TUNNEL.OPIS1/PRI.NUM/index,/FL2/Photon Diagnostic/Wavelength/OPIS tunnel/Expert stuff/XGM.GAS_DOSING/FL2.TUNNEL.OPIS1/PRI.NUM/value,"(179,)","(179,)",uint32,float32,179,4330,0.04133949191685912,169,0.03903002309468822,0,sparse_train_indexed_monitor,179,179,1.0,1.240000013780218e-08,1.2500000146076218e-08,1.2600000154350255e-08,1.2700000162624292e-08,1.2700000162624292e-08,4
/FL2/Photon Diagnostic/Wavelength/OPIS tunnel/Expert stuff/XGM.GAS_DOSING/FL2.TUNNEL.OPIS1/PRS.NUM,/FL2/Photon Diagnostic/Wavelength/OPIS tunnel/Expert stuff/XGM.GAS_DOSING/FL2.TUNNEL.OPIS1/PRS.NUM/index,/FL2/Photon Diagnostic/Wavelength/OPIS tunnel/Expert stuff/XGM.GAS_DOSING/FL2.TUNNEL.OPIS1/PRS.NUM/value,"(62,)","(62,)",uint32,float32,62,4330,0.014318706697459584,57,0.013163972286374134,0,sparse_train_indexed_monitor,62,62,1.0,9.999999717180685e-10,9.999999717180685e-10,9.999999717180685e-10,9.999999717180685e-10,9.999999717180685e-10,1
/FL2/Photon Diagnostic/Wavelength/OPIS tunnel/Expert stuff/XGM.GAS_DOSING/FL2.TUNNEL.OPIS1/VAP,/FL2/Photon Diagnostic/Wavelength/OPIS tunnel/Expert stuff/XGM.GAS_DOSING/FL2.TUNNEL.OPIS1/VAP/index,/FL2/Photon Diagnostic/Wavelength/OPIS tunnel/Expert stuff/XGM.GAS_DOSING/FL2.TUNNEL.OPIS1/VAP/value,"(62,)","(62,)",uint32,float32,62,4330,0.014318706697459584,57,0.013163972286374134,0,sparse_train_indexed_monitor,62,62,1.0,512.0,512.0,512.0,512.0,512.0,1
/FL2/Photon Diagnostic/Wavelength/OPIS tunnel/Expert stuff/XGM.GAS_DOSING/FL2.TUNNEL.OPIS2/BIT,/FL2/Photon Diagnostic/Wavelength/OPIS tunnel/Expert stuff/XGM.GAS_DOSING/FL2.TUNNEL.OPIS2/BIT/index,/FL2/Photon Diagnostic/Wavelength/OPIS tunnel/Expert stuff/XGM.GAS_DOSING/FL2.TUNNEL.OPIS2/BIT/value,"(62,)","(62,)",uint32,float32,62,4330,0.014318706697459584,57,0.013163972286374134,0,sparse_train_indexed_monitor,62,62,1.0,523.0,523.0,523.0,523.0,523.0,1
/FL2/Photon Diagnostic/Wavelength/OPIS tunnel/Expert stuff/XGM.GAS_DOSING/FL2.TUNNEL.OPIS2/DIN.BIT2,/FL2/Photon Diagnostic/Wavelength/OPIS tunnel/Expert stuff/XGM.GAS_DOSING/FL2.TUNNEL.OPIS2/DIN.BIT2/index,/FL2/Photon Diagnostic/Wavelength/OPIS tunnel/Expert stuff/XGM.GAS_DOSING/FL2.TUNNEL.OPIS2/DIN.BIT2/value,"(62,)","(62,)",uint32,float32,62,4330,0.014318706697459584,57,0.013163972286374134,0,sparse_train_indexed_monitor,62,62,1.0,0.0,0.0,0.0,0.0,0.0,1
/FL2/Photon Diagnostic/Wavelength/OPIS tunnel/Expert stuff/XGM.GAS_DOSING/FL2.TUNNEL.OPIS2/DIN.INT,/FL2/Photon Diagnostic/Wavelength/OPIS tunnel/Expert stuff/XGM.GAS_DOSING/FL2.TUNNEL.OPIS2/DIN.INT/index,/FL2/Photon Diagnostic/Wavelength/OPIS tunnel/Expert stuff/XGM.GAS_DOSING/FL2.TUNNEL.OPIS2/DIN.INT/value,"(62,)","(62,)",uint32,float32,62,4330,0.014318706697459584,57,0.013163972286374134,0,sparse_train_indexed_monitor,62,62,1.0,0.0,0.0,0.0,0.0,0.0,1
/FL2/Photon Diagnostic/Wavelength/OPIS tunnel/Expert stuff/XGM.GAS_DOSING/FL2.TUNNEL.OPIS2/DOT.BIT5,/FL2/Photon Diagnostic/Wavelength/OPIS tunnel/Expert stuff/XGM.GAS_DOSING/FL2.TUNNEL.OPIS2/DOT.BIT5/index,/FL2/Photon Diagnostic/Wavelength/OPIS tunnel/Expert stuff/XGM.GAS_DOSING/FL2.TUNNEL.OPIS2/DOT.BIT5/value,"(62,)","(62,)",uint32,float32,62,4330,0.014318706697459584,57,0.013163972286374134,0,sparse_train_indexed_monitor,62,62,1.0,1.0,1.0,1.0,1.0,1.0,1
/FL2/Photon Diagnostic/Wavelength/OPIS tunnel/Expert stuff/XGM.GAS_DOSING/FL2.TUNNEL.OPIS2/DOT.INT,/FL2/Photon Diagnostic/Wavelength/OPIS tunnel/Expert stuff/XGM.GAS_DOSING/FL2.TUNNEL.OPIS2/DOT.INT/index,/FL2/Photon Diagnostic/Wavelength/OPIS tunnel/Expert stuff/XGM.GAS_DOSING/FL2.TUNNEL.OPIS2/DOT.INT/value,"(62,)","(62,)",uint32,float32,62,4330,0.014318706697459584,57,0.013163972286374134,0,sparse_train_indexed_monitor,62,62,1.0,37.0,37.0,37.0,37.0,37.0,1
/FL2/Photon Diagnostic/Wavelength/OPIS tunnel/Expert stuff/XGM.GAS_DOSING/FL2.TUNNEL.OPIS2/GASID,/FL2/Photon Diagnostic/Wavelength/OPIS tunnel/Expert stuff/XGM.GAS_DOSING/FL2.TUNNEL.OPIS2/GASID/index,/FL2/Photon Diagnostic/Wavelength/OPIS tunnel/Expert stuff/XGM.GAS_DOSING/FL2.TUNNEL.OPIS2/GASID/value,"(62,)","(62,)",uint32,float32,62,4330,0.014318706697459584,57,0.013163972286374134,0,sparse_train_indexed_monitor,62,62,1.0,3.0,3.0,3.0,3.0,3.0,1
/FL2/Photon Diagnostic/Wavelength/OPIS tunnel/Expert stuff/XGM.GAS_DOSING/FL2.TUNNEL.OPIS2/PRI.NUM,/FL2/Photon Diagnostic/Wavelength/OPIS tunnel/Expert stuff/XGM.GAS_DOSING/FL2.TUNNEL.OPIS2/PRI.NUM/index,/FL2/Photon Diagnostic/Wavelength/OPIS tunnel/Expert stuff/XGM.GAS_DOSING/FL2.TUNNEL.OPIS2/PRI.NUM/value,"(224,)","(224,)",uint32,float32,224,4330,0.051732101616628175,204,0.047113163972286376,0,sparse_train_indexed_monitor,224,224,1.0,1.2500000146076218e-08,1.2600000154350255e-08,1.2600000154350255e-08,1.2800000170898329e-08,1.2800000170898329e-08,4
/FL2/Photon Diagnostic/Wavelength/OPIS tunnel/Expert stuff/XGM.GAS_DOSING/FL2.TUNNEL.OPIS2/PRS.NUM,/FL2/Photon Diagnostic/Wavelength/OPIS tunnel/Expert stuff/XGM.GAS_DOSING/FL2.TUNNEL.OPIS2/PRS.NUM/index,/FL2/Photon Diagnostic/Wavelength/OPIS tunnel/Expert stuff/XGM.GAS_DOSING/FL2.TUNNEL.OPIS2/PRS.NUM/value,"(62,)","(62,)",uint32,float32,62,4330,0.014318706697459584,57,0.013163972286374134,0,sparse_train_indexed_monitor,62,62,1.0,9.999999717180685e-10,9.999999717180685e-10,9.999999717180685e-10,9.999999717180685e-10,9.999999717180685e-10,1
/FL2/Photon Diagnostic/Wavelength/OPIS tunnel/Expert stuff/XGM.GAS_DOSING/FL2.TUNNEL.OPIS2/VAP,/FL2/Photon Diagnostic/Wavelength/OPIS tunnel/Expert stuff/XGM.GAS_DOSING/FL2.TUNNEL.OPIS2/VAP/index,/FL2/Photon Diagnostic/Wavelength/OPIS tunnel/Expert stuff/XGM.GAS_DOSING/FL2.TUNNEL.OPIS2/VAP/value,"(62,)","(62,)",uint32,float32,62,4330,0.014318706697459584,57,0.013163972286374134,0,sparse_train_indexed_monitor,62,62,1.0,512.0,512.0,512.0,512.0,512.0,1
/FL2/Photon Diagnostic/Wavelength/OPIS tunnel/Expert stuff/XGM.GAS_SUPPLY/FL2.TUNNEL.OPIS/GAS.COMPAT.ID,/FL2/Photon Diagnostic/Wavelength/OPIS tunnel/Expert stuff/XGM.GAS_SUPPLY/FL2.TUNNEL.OPIS/GAS.COMPAT.ID/index,/FL2/Photon Diagnostic/Wavelength/OPIS tunnel/Expert stuff/XGM.GAS_SUPPLY/FL2.TUNNEL.OPIS/GAS.COMPAT.ID/value,"(62,)","(62,)",uint32,float32,62,4330,0.014318706697459584,57,0.013163972286374134,0,sparse_train_indexed_monitor,62,62,1.0,0.0,0.0,0.0,0.0,0.0,1
/FL2/Photon Diagnostic/Wavelength/OPIS tunnel/Expert stuff/XGM.GAS_SUPPLY/FL2.TUNNEL.OPIS/GAS.TYPE.ID,/FL2/Photon Diagnostic/Wavelength/OPIS tunnel/Expert stuff/XGM.GAS_SUPPLY/FL2.TUNNEL.OPIS/GAS.TYPE.ID/index,/FL2/Photon Diagnostic/Wavelength/OPIS tunnel/Expert stuff/XGM.GAS_SUPPLY/FL2.TUNNEL.OPIS/GAS.TYPE.ID/value,"(62,)","(62,)",uint32,float32,62,4330,0.014318706697459584,57,0.013163972286374134,0,sparse_train_indexed_monitor,62,62,1.0,3.0,3.0,3.0,3.0,3.0,1
/FL2/Photon Diagnostic/Wavelength/OPIS tunnel/Expert stuff/eTOF1 analysis/PEF1 tof,/FL2/Photon Diagnostic/Wavelength/OPIS tunnel/Expert stuff/eTOF1 analysis/PEF1 tof/index,/FL2/Photon Diagnostic/Wavelength/OPIS tunnel/Expert stuff/eTOF1 analysis/PEF1 tof/value,"(62,)","(62,)",uint32,float32,62,4330,0.014318706697459584,57,0.013163972286374134,0,sparse_train_indexed_monitor,62,62,1.0,0.0,0.0,0.0,0.0,0.0,1
/FL2/Photon Diagnostic/Wavelength/OPIS tunnel/Expert stuff/eTOF1 analysis/PEF1 wavelength,/FL2/Photon Diagnostic/Wavelength/OPIS tunnel/Expert stuff/eTOF1 analysis/PEF1 wavelength/index,/FL2/Photon Diagnostic/Wavelength/OPIS tunnel/Expert stuff/eTOF1 analysis/PEF1 wavelength/value,"(62,)","(62,)",uint32,float32,62,4330,0.014318706697459584,57,0.013163972286374134,0,sparse_train_indexed_monitor,62,62,1.0,0.0,0.0,0.0,0.0,0.0,1
/FL2/Photon Diagnostic/Wavelength/OPIS tunnel/Expert stuff/eTOF1 analysis/PEF2 tof,/FL2/Photon Diagnostic/Wavelength/OPIS tunnel/Expert stuff/eTOF1 analysis/PEF2 tof/index,/FL2/Photon Diagnostic/Wavelength/OPIS tunnel/Expert stuff/eTOF1 analysis/PEF2 tof/value,"(62,)","(62,)",uint32,float32,62,4330,0.014318706697459584,57,0.013163972286374134,0,sparse_train_indexed_monitor,62,62,1.0,0.0,0.0,0.0,0.0,0.0,1
/FL2/Photon Diagnostic/Wavelength/OPIS tunnel/Expert stuff/eTOF1 analysis/PEF2 wavelength,/FL2/Photon Diagnostic/Wavelength/OPIS tunnel/Expert stuff/eTOF1 analysis/PEF2 wavelength/index,/FL2/Photon Diagnostic/Wavelength/OPIS tunnel/Expert stuff/eTOF1 analysis/PEF2 wavelength/value,"(62,)","(62,)",uint32,float32,62,4330,0.014318706697459584,57,0.013163972286374134,0,sparse_train_indexed_monitor,62,62,1.0,0.0,0.0,0.0,0.0,0.0,1
/FL2/Photon Diagnostic/Wavelength/OPIS tunnel/Expert stuff/eTOF1 analysis/PEF3 tof,/FL2/Photon Diagnostic/Wavelength/OPIS tunnel/Expert stuff/eTOF1 analysis/PEF3 tof/index,/FL2/Photon Diagnostic/Wavelength/OPIS tunnel/Expert stuff/eTOF1 analysis/PEF3 tof/value,"(62,)","(62,)",uint32,float32,62,4330,0.014318706697459584,57,0.013163972286374134,0,sparse_train_indexed_monitor,62,62,1.0,0.0,0.0,0.0,0.0,0.0,1
/FL2/Photon Diagnostic/Wavelength/OPIS tunnel/Expert stuff/eTOF1 analysis/PEF3 wavelength,/FL2/Photon Diagnostic/Wavelength/OPIS tunnel/Expert stuff/eTOF1 analysis/PEF3 wavelength/index,/FL2/Photon Diagnostic/Wavelength/OPIS tunnel/Expert stuff/eTOF1 analysis/PEF3 wavelength/value,"(62,)","(62,)",uint32,float32,62,4330,0.014318706697459584,57,0.013163972286374134,0,sparse_train_indexed_monitor,62,62,1.0,0.0,0.0,0.0,0.0,0.0,1
/FL2/Photon Diagnostic/Wavelength/OPIS tunnel/Expert stuff/eTOF1 analysis/PEF4 tof,/FL2/Photon Diagnostic/Wavelength/OPIS tunnel/Expert stuff/eTOF1 analysis/PEF4 tof/index,/FL2/Photon Diagnostic/Wavelength/OPIS tunnel/Expert stuff/eTOF1 analysis/PEF4 tof/value,"(62,)","(62,)",uint32,float32,62,4330,0.014318706697459584,57,0.013163972286374134,0,sparse_train_indexed_monitor,62,62,1.0,0.0,0.0,0.0,0.0,0.0,1
/FL2/Photon Diagnostic/Wavelength/OPIS tunnel/Expert stuff/eTOF1 analysis/PEF4 wavelength,/FL2/Photon Diagnostic/Wavelength/OPIS tunnel/Expert stuff/eTOF1 analysis/PEF4 wavelength/index,/FL2/Photon Diagnostic/Wavelength/OPIS tunnel/Expert stuff/eTOF1 analysis/PEF4 wavelength/value,"(62,)","(62,)",uint32,float32,62,4330,0.014318706697459584,57,0.013163972286374134,0,sparse_train_indexed_monitor,62,62,1.0,0.0,0.0,0.0,0.0,0.0,1
/FL2/Photon Diagnostic/Wavelength/OPIS tunnel/Expert stuff/eTOF1 analysis/PEF5 tof,/FL2/Photon Diagnostic/Wavelength/OPIS tunnel/Expert stuff/eTOF1 analysis/PEF5 tof/index,/FL2/Photon Diagnostic/Wavelength/OPIS tunnel/Expert stuff/eTOF1 analysis/PEF5 tof/value,"(62,)","(62,)",uint32,float32,62,4330,0.014318706697459584,57,0.013163972286374134,0,sparse_train_indexed_monitor,62,62,1.0,0.0,0.0,0.0,0.0,0.0,1
/FL2/Photon Diagnostic/Wavelength/OPIS tunnel/Expert stuff/eTOF1 analysis/PEF5 wavelength,/FL2/Photon Diagnostic/Wavelength/OPIS tunnel/Expert stuff/eTOF1 analysis/PEF5 wavelength/index,/FL2/Photon Diagnostic/Wavelength/OPIS tunnel/Expert stuff/eTOF1 analysis/PEF5 wavelength/value,"(62,)","(62,)",uint32,float32,62,4330,0.014318706697459584,57,0.013163972286374134,0,sparse_train_indexed_monitor,62,62,1.0,0.0,0.0,0.0,0.0,0.0,1
/FL2/Photon Diagnostic/Wavelength/OPIS tunnel/Expert stuff/eTOF1 analysis/prompt position,/FL2/Photon Diagnostic/Wavelength/OPIS tunnel/Expert stuff/eTOF1 analysis/prompt position/index,/FL2/Photon Diagnostic/Wavelength/OPIS tunnel/Expert stuff/eTOF1 analysis/prompt position/value,"(62,)","(62,)",uint32,float32,62,4330,0.014318706697459584,57,0.013163972286374134,0,sparse_train_indexed_monitor,62,62,1.0,0.0,0.0,0.0,0.0,0.0,1
/FL2/Photon Diagnostic/Wavelength/OPIS tunnel/Expert stuff/eTOF1 voltages/MCP HV WrnErrStatus,/FL2/Photon Diagnostic/Wavelength/OPIS tunnel/Expert stuff/eTOF1 voltages/MCP HV WrnErrStatus/index,/FL2/Photon Diagnostic/Wavelength/OPIS tunnel/Expert stuff/eTOF1 voltages/MCP HV WrnErrStatus/value,"(62,)","(62,)",uint32,float32,62,4330,0.014318706697459584,57,0.013163972286374134,0,sparse_train_indexed_monitor,62,62,1.0,0.0,0.0,0.0,0.0,0.0,1
/FL2/Photon Diagnostic/Wavelength/OPIS tunnel/Expert stuff/eTOF1 voltages/Ret HV WrnErrStatus,/FL2/Photon Diagnostic/Wavelength/OPIS tunnel/Expert stuff/eTOF1 voltages/Ret HV WrnErrStatus/index,/FL2/Photon Diagnostic/Wavelength/OPIS tunnel/Expert stuff/eTOF1 voltages/Ret HV WrnErrStatus/value,"(62,)","(62,)",uint32,float32,62,4330,0.014318706697459584,57,0.013163972286374134,0,sparse_train_indexed_monitor,62,62,1.0,0.0,0.0,0.0,0.0,0.0,1
/FL2/Photon Diagnostic/Wavelength/OPIS tunnel/Expert stuff/eTOF1 voltages/Ret nominal set,/FL2/Photon Diagnostic/Wavelength/OPIS tunnel/Expert stuff/eTOF1 voltages/Ret nominal set/index,/FL2/Photon Diagnostic/Wavelength/OPIS tunnel/Expert stuff/eTOF1 voltages/Ret nominal set/value,"(62,)","(62,)",uint32,float32,62,4330,0.014318706697459584,57,0.013163972286374134,0,sparse_train_indexed_monitor,62,62,1.0,0.0,0.0,0.0,0.0,0.0,1
/FL2/Photon Diagnostic/Wavelength/OPIS tunnel/Expert stuff/eTOF2 analysis/PEF1 tof,/FL2/Photon Diagnostic/Wavelength/OPIS tunnel/Expert stuff/eTOF2 analysis/PEF1 tof/index,/FL2/Photon Diagnostic/Wavelength/OPIS tunnel/Expert stuff/eTOF2 analysis/PEF1 tof/value,"(62,)","(62,)",uint32,float32,62,4330,0.014318706697459584,57,0.013163972286374134,0,sparse_train_indexed_monitor,62,62,1.0,0.0,0.0,0.0,0.0,0.0,1
/FL2/Photon Diagnostic/Wavelength/OPIS tunnel/Expert stuff/eTOF2 analysis/PEF1 wavelength,/FL2/Photon Diagnostic/Wavelength/OPIS tunnel/Expert stuff/eTOF2 analysis/PEF1 wavelength/index,/FL2/Photon Diagnostic/Wavelength/OPIS tunnel/Expert stuff/eTOF2 analysis/PEF1 wavelength/value,"(62,)","(62,)",uint32,float32,62,4330,0.014318706697459584,57,0.013163972286374134,0,sparse_train_indexed_monitor,62,62,1.0,0.0,0.0,0.0,0.0,0.0,1
/FL2/Photon Diagnostic/Wavelength/OPIS tunnel/Expert stuff/eTOF2 analysis/PEF2 tof,/FL2/Photon Diagnostic/Wavelength/OPIS tunnel/Expert stuff/eTOF2 analysis/PEF2 tof/index,/FL2/Photon Diagnostic/Wavelength/OPIS tunnel/Expert stuff/eTOF2 analysis/PEF2 tof/value,"(62,)","(62,)",uint32,float32,62,4330,0.014318706697459584,57,0.013163972286374134,0,sparse_train_indexed_monitor,62,62,1.0,0.0,0.0,0.0,0.0,0.0,1
/FL2/Photon Diagnostic/Wavelength/OPIS tunnel/Expert stuff/eTOF2 analysis/PEF2 wavelength,/FL2/Photon Diagnostic/Wavelength/OPIS tunnel/Expert stuff/eTOF2 analysis/PEF2 wavelength/index,/FL2/Photon Diagnostic/Wavelength/OPIS tunnel/Expert stuff/eTOF2 analysis/PEF2 wavelength/value,"(62,)","(62,)",uint32,float32,62,4330,0.014318706697459584,57,0.013163972286374134,0,sparse_train_indexed_monitor,62,62,1.0,0.0,0.0,0.0,0.0,0.0,1
/FL2/Photon Diagnostic/Wavelength/OPIS tunnel/Expert stuff/eTOF2 analysis/PEF3 tof,/FL2/Photon Diagnostic/Wavelength/OPIS tunnel/Expert stuff/eTOF2 analysis/PEF3 tof/index,/FL2/Photon Diagnostic/Wavelength/OPIS tunnel/Expert stuff/eTOF2 analysis/PEF3 tof/value,"(62,)","(62,)",uint32,float32,62,4330,0.014318706697459584,57,0.013163972286374134,0,sparse_train_indexed_monitor,62,62,1.0,0.0,0.0,0.0,0.0,0.0,1
/FL2/Photon Diagnostic/Wavelength/OPIS tunnel/Expert stuff/eTOF2 analysis/PEF3 wavelength,/FL2/Photon Diagnostic/Wavelength/OPIS tunnel/Expert stuff/eTOF2 analysis/PEF3 wavelength/index,/FL2/Photon Diagnostic/Wavelength/OPIS tunnel/Expert stuff/eTOF2 analysis/PEF3 wavelength/value,"(62,)","(62,)",uint32,float32,62,4330,0.014318706697459584,57,0.013163972286374134,0,sparse_train_indexed_monitor,62,62,1.0,0.0,0.0,0.0,0.0,0.0,1
/FL2/Photon Diagnostic/Wavelength/OPIS tunnel/Expert stuff/eTOF2 analysis/PEF4 tof,/FL2/Photon Diagnostic/Wavelength/OPIS tunnel/Expert stuff/eTOF2 analysis/PEF4 tof/index,/FL2/Photon Diagnostic/Wavelength/OPIS tunnel/Expert stuff/eTOF2 analysis/PEF4 tof/value,"(62,)","(62,)",uint32,float32,62,4330,0.014318706697459584,57,0.013163972286374134,0,sparse_train_indexed_monitor,62,62,1.0,0.0,0.0,0.0,0.0,0.0,1
/FL2/Photon Diagnostic/Wavelength/OPIS tunnel/Expert stuff/eTOF2 analysis/PEF4 wavelength,/FL2/Photon Diagnostic/Wavelength/OPIS tunnel/Expert stuff/eTOF2 analysis/PEF4 wavelength/index,/FL2/Photon Diagnostic/Wavelength/OPIS tunnel/Expert stuff/eTOF2 analysis/PEF4 wavelength/value,"(62,)","(62,)",uint32,float32,62,4330,0.014318706697459584,57,0.013163972286374134,0,sparse_train_indexed_monitor,62,62,1.0,0.0,0.0,0.0,0.0,0.0,1
/FL2/Photon Diagnostic/Wavelength/OPIS tunnel/Expert stuff/eTOF2 analysis/PEF5 tof,/FL2/Photon Diagnostic/Wavelength/OPIS tunnel/Expert stuff/eTOF2 analysis/PEF5 tof/index,/FL2/Photon Diagnostic/Wavelength/OPIS tunnel/Expert stuff/eTOF2 analysis/PEF5 tof/value,"(62,)","(62,)",uint32,float32,62,4330,0.014318706697459584,57,0.013163972286374134,0,sparse_train_indexed_monitor,62,62,1.0,0.0,0.0,0.0,0.0,0.0,1
/FL2/Photon Diagnostic/Wavelength/OPIS tunnel/Expert stuff/eTOF2 analysis/PEF5 wavelength,/FL2/Photon Diagnostic/Wavelength/OPIS tunnel/Expert stuff/eTOF2 analysis/PEF5 wavelength/index,/FL2/Photon Diagnostic/Wavelength/OPIS tunnel/Expert stuff/eTOF2 analysis/PEF5 wavelength/value,"(62,)","(62,)",uint32,float32,62,4330,0.014318706697459584,57,0.013163972286374134,0,sparse_train_indexed_monitor,62,62,1.0,0.0,0.0,0.0,0.0,0.0,1
/FL2/Photon Diagnostic/Wavelength/OPIS tunnel/Expert stuff/eTOF2 analysis/prompt position,/FL2/Photon Diagnostic/Wavelength/OPIS tunnel/Expert stuff/eTOF2 analysis/prompt position/index,/FL2/Photon Diagnostic/Wavelength/OPIS tunnel/Expert stuff/eTOF2 analysis/prompt position/value,"(62,)","(62,)",uint32,float32,62,4330,0.014318706697459584,57,0.013163972286374134,0,sparse_train_indexed_monitor,62,62,1.0,0.0,0.0,0.0,0.0,0.0,1
/FL2/Photon Diagnostic/Wavelength/OPIS tunnel/Expert stuff/eTOF2 voltages/MCP HV WrnErrStatus,/FL2/Photon Diagnostic/Wavelength/OPIS tunnel/Expert stuff/eTOF2 voltages/MCP HV WrnErrStatus/index,/FL2/Photon Diagnostic/Wavelength/OPIS tunnel/Expert stuff/eTOF2 voltages/MCP HV WrnErrStatus/value,"(62,)","(62,)",uint32,float32,62,4330,0.014318706697459584,57,0.013163972286374134,0,sparse_train_indexed_monitor,62,62,1.0,0.0,0.0,0.0,0.0,0.0,1
/FL2/Photon Diagnostic/Wavelength/OPIS tunnel/Expert stuff/eTOF2 voltages/Ret HV WrnErrStatus,/FL2/Photon Diagnostic/Wavelength/OPIS tunnel/Expert stuff/eTOF2 voltages/Ret HV WrnErrStatus/index,/FL2/Photon Diagnostic/Wavelength/OPIS tunnel/Expert stuff/eTOF2 voltages/Ret HV WrnErrStatus/value,"(62,)","(62,)",uint32,float32,62,4330,0.014318706697459584,57,0.013163972286374134,0,sparse_train_indexed_monitor,62,62,1.0,0.0,0.0,0.0,0.0,0.0,1
/FL2/Photon Diagnostic/Wavelength/OPIS tunnel/Expert stuff/eTOF2 voltages/Ret nominal set,/FL2/Photon Diagnostic/Wavelength/OPIS tunnel/Expert stuff/eTOF2 voltages/Ret nominal set/index,/FL2/Photon Diagnostic/Wavelength/OPIS tunnel/Expert stuff/eTOF2 voltages/Ret nominal set/value,"(62,)","(62,)",uint32,float32,62,4330,0.014318706697459584,57,0.013163972286374134,0,sparse_train_indexed_monitor,62,62,1.0,0.0,0.0,0.0,0.0,0.0,1
/FL2/Photon Diagnostic/Wavelength/OPIS tunnel/Expert stuff/eTOF3 analysis/PEF1 tof,/FL2/Photon Diagnostic/Wavelength/OPIS tunnel/Expert stuff/eTOF3 analysis/PEF1 tof/index,/FL2/Photon Diagnostic/Wavelength/OPIS tunnel/Expert stuff/eTOF3 analysis/PEF1 tof/value,"(62,)","(62,)",uint32,float32,62,4330,0.014318706697459584,57,0.013163972286374134,0,sparse_train_indexed_monitor,62,62,1.0,0.0,0.0,0.0,0.0,0.0,1
/FL2/Photon Diagnostic/Wavelength/OPIS tunnel/Expert stuff/eTOF3 analysis/PEF1 wavelength,/FL2/Photon Diagnostic/Wavelength/OPIS tunnel/Expert stuff/eTOF3 analysis/PEF1 wavelength/index,/FL2/Photon Diagnostic/Wavelength/OPIS tunnel/Expert stuff/eTOF3 analysis/PEF1 wavelength/value,"(62,)","(62,)",uint32,float32,62,4330,0.014318706697459584,57,0.013163972286374134,0,sparse_train_indexed_monitor,62,62,1.0,0.0,0.0,0.0,0.0,0.0,1
/FL2/Photon Diagnostic/Wavelength/OPIS tunnel/Expert stuff/eTOF3 analysis/PEF2 tof,/FL2/Photon Diagnostic/Wavelength/OPIS tunnel/Expert stuff/eTOF3 analysis/PEF2 tof/index,/FL2/Photon Diagnostic/Wavelength/OPIS tunnel/Expert stuff/eTOF3 analysis/PEF2 tof/value,"(62,)","(62,)",uint32,float32,62,4330,0.014318706697459584,57,0.013163972286374134,0,sparse_train_indexed_monitor,62,62,1.0,0.0,0.0,0.0,0.0,0.0,1
/FL2/Photon Diagnostic/Wavelength/OPIS tunnel/Expert stuff/eTOF3 analysis/PEF2 wavelength,/FL2/Photon Diagnostic/Wavelength/OPIS tunnel/Expert stuff/eTOF3 analysis/PEF2 wavelength/index,/FL2/Photon Diagnostic/Wavelength/OPIS tunnel/Expert stuff/eTOF3 analysis/PEF2 wavelength/value,"(62,)","(62,)",uint32,float32,62,4330,0.014318706697459584,57,0.013163972286374134,0,sparse_train_indexed_monitor,62,62,1.0,0.0,0.0,0.0,0.0,0.0,1
/FL2/Photon Diagnostic/Wavelength/OPIS tunnel/Expert stuff/eTOF3 analysis/PEF3 tof,/FL2/Photon Diagnostic/Wavelength/OPIS tunnel/Expert stuff/eTOF3 analysis/PEF3 tof/index,/FL2/Photon Diagnostic/Wavelength/OPIS tunnel/Expert stuff/eTOF3 analysis/PEF3 tof/value,"(62,)","(62,)",uint32,float32,62,4330,0.014318706697459584,57,0.013163972286374134,0,sparse_train_indexed_monitor,62,62,1.0,0.0,0.0,0.0,0.0,0.0,1
/FL2/Photon Diagnostic/Wavelength/OPIS tunnel/Expert stuff/eTOF3 analysis/PEF3 wavelength,/FL2/Photon Diagnostic/Wavelength/OPIS tunnel/Expert stuff/eTOF3 analysis/PEF3 wavelength/index,/FL2/Photon Diagnostic/Wavelength/OPIS tunnel/Expert stuff/eTOF3 analysis/PEF3 wavelength/value,"(62,)","(62,)",uint32,float32,62,4330,0.014318706697459584,57,0.013163972286374134,0,sparse_train_indexed_monitor,62,62,1.0,0.0,0.0,0.0,0.0,0.0,1
/FL2/Photon Diagnostic/Wavelength/OPIS tunnel/Expert stuff/eTOF3 analysis/PEF4 tof,/FL2/Photon Diagnostic/Wavelength/OPIS tunnel/Expert stuff/eTOF3 analysis/PEF4 tof/index,/FL2/Photon Diagnostic/Wavelength/OPIS tunnel/Expert stuff/eTOF3 analysis/PEF4 tof/value,"(62,)","(62,)",uint32,float32,62,4330,0.014318706697459584,57,0.013163972286374134,0,sparse_train_indexed_monitor,62,62,1.0,0.0,0.0,0.0,0.0,0.0,1
/FL2/Photon Diagnostic/Wavelength/OPIS tunnel/Expert stuff/eTOF3 analysis/PEF4 wavelength,/FL2/Photon Diagnostic/Wavelength/OPIS tunnel/Expert stuff/eTOF3 analysis/PEF4 wavelength/index,/FL2/Photon Diagnostic/Wavelength/OPIS tunnel/Expert stuff/eTOF3 analysis/PEF4 wavelength/value,"(62,)","(62,)",uint32,float32,62,4330,0.014318706697459584,57,0.013163972286374134,0,sparse_train_indexed_monitor,62,62,1.0,0.0,0.0,0.0,0.0,0.0,1
/FL2/Photon Diagnostic/Wavelength/OPIS tunnel/Expert stuff/eTOF3 analysis/PEF5 tof,/FL2/Photon Diagnostic/Wavelength/OPIS tunnel/Expert stuff/eTOF3 analysis/PEF5 tof/index,/FL2/Photon Diagnostic/Wavelength/OPIS tunnel/Expert stuff/eTOF3 analysis/PEF5 tof/value,"(62,)","(62,)",uint32,float32,62,4330,0.014318706697459584,57,0.013163972286374134,0,sparse_train_indexed_monitor,62,62,1.0,0.0,0.0,0.0,0.0,0.0,1
/FL2/Photon Diagnostic/Wavelength/OPIS tunnel/Expert stuff/eTOF3 analysis/PEF5 wavelength,/FL2/Photon Diagnostic/Wavelength/OPIS tunnel/Expert stuff/eTOF3 analysis/PEF5 wavelength/index,/FL2/Photon Diagnostic/Wavelength/OPIS tunnel/Expert stuff/eTOF3 analysis/PEF5 wavelength/value,"(62,)","(62,)",uint32,float32,62,4330,0.014318706697459584,57,0.013163972286374134,0,sparse_train_indexed_monitor,62,62,1.0,0.0,0.0,0.0,0.0,0.0,1
/FL2/Photon Diagnostic/Wavelength/OPIS tunnel/Expert stuff/eTOF3 analysis/prompt position,/FL2/Photon Diagnostic/Wavelength/OPIS tunnel/Expert stuff/eTOF3 analysis/prompt position/index,/FL2/Photon Diagnostic/Wavelength/OPIS tunnel/Expert stuff/eTOF3 analysis/prompt position/value,"(62,)","(62,)",uint32,float32,62,4330,0.014318706697459584,57,0.013163972286374134,0,sparse_train_indexed_monitor,62,62,1.0,0.0,0.0,0.0,0.0,0.0,1
/FL2/Photon Diagnostic/Wavelength/OPIS tunnel/Expert stuff/eTOF3 voltages/MCP HV WrnErrStatus,/FL2/Photon Diagnostic/Wavelength/OPIS tunnel/Expert stuff/eTOF3 voltages/MCP HV WrnErrStatus/index,/FL2/Photon Diagnostic/Wavelength/OPIS tunnel/Expert stuff/eTOF3 voltages/MCP HV WrnErrStatus/value,"(62,)","(62,)",uint32,float32,62,4330,0.014318706697459584,57,0.013163972286374134,0,sparse_train_indexed_monitor,62,62,1.0,0.0,0.0,0.0,0.0,0.0,1
/FL2/Photon Diagnostic/Wavelength/OPIS tunnel/Expert stuff/eTOF3 voltages/Ret HV WrnErrStatus,/FL2/Photon Diagnostic/Wavelength/OPIS tunnel/Expert stuff/eTOF3 voltages/Ret HV WrnErrStatus/index,/FL2/Photon Diagnostic/Wavelength/OPIS tunnel/Expert stuff/eTOF3 voltages/Ret HV WrnErrStatus/value,"(62,)","(62,)",uint32,float32,62,4330,0.014318706697459584,57,0.013163972286374134,0,sparse_train_indexed_monitor,62,62,1.0,0.0,0.0,0.0,0.0,0.0,1
/FL2/Photon Diagnostic/Wavelength/OPIS tunnel/Expert stuff/eTOF3 voltages/Ret nominal set,/FL2/Photon Diagnostic/Wavelength/OPIS tunnel/Expert stuff/eTOF3 voltages/Ret nominal set/index,/FL2/Photon Diagnostic/Wavelength/OPIS tunnel/Expert stuff/eTOF3 voltages/Ret nominal set/value,"(62,)","(62,)",uint32,float32,62,4330,0.014318706697459584,57,0.013163972286374134,0,sparse_train_indexed_monitor,62,62,1.0,0.0,0.0,0.0,0.0,0.0,1
/FL2/Photon Diagnostic/Wavelength/OPIS tunnel/Expert stuff/eTOF4 analysis/PEF1 tof,/FL2/Photon Diagnostic/Wavelength/OPIS tunnel/Expert stuff/eTOF4 analysis/PEF1 tof/index,/FL2/Photon Diagnostic/Wavelength/OPIS tunnel/Expert stuff/eTOF4 analysis/PEF1 tof/value,"(62,)","(62,)",uint32,float32,62,4330,0.014318706697459584,57,0.013163972286374134,0,sparse_train_indexed_monitor,62,62,1.0,0.0,0.0,0.0,0.0,0.0,1
/FL2/Photon Diagnostic/Wavelength/OPIS tunnel/Expert stuff/eTOF4 analysis/PEF1 wavelength,/FL2/Photon Diagnostic/Wavelength/OPIS tunnel/Expert stuff/eTOF4 analysis/PEF1 wavelength/index,/FL2/Photon Diagnostic/Wavelength/OPIS tunnel/Expert stuff/eTOF4 analysis/PEF1 wavelength/value,"(62,)","(62,)",uint32,float32,62,4330,0.014318706697459584,57,0.013163972286374134,0,sparse_train_indexed_monitor,62,62,1.0,0.0,0.0,0.0,0.0,0.0,1
/FL2/Photon Diagnostic/Wavelength/OPIS tunnel/Expert stuff/eTOF4 analysis/PEF2 tof,/FL2/Photon Diagnostic/Wavelength/OPIS tunnel/Expert stuff/eTOF4 analysis/PEF2 tof/index,/FL2/Photon Diagnostic/Wavelength/OPIS tunnel/Expert stuff/eTOF4 analysis/PEF2 tof/value,"(62,)","(62,)",uint32,float32,62,4330,0.014318706697459584,57,0.013163972286374134,0,sparse_train_indexed_monitor,62,62,1.0,0.0,0.0,0.0,0.0,0.0,1
/FL2/Photon Diagnostic/Wavelength/OPIS tunnel/Expert stuff/eTOF4 analysis/PEF2 wavelength,/FL2/Photon Diagnostic/Wavelength/OPIS tunnel/Expert stuff/eTOF4 analysis/PEF2 wavelength/index,/FL2/Photon Diagnostic/Wavelength/OPIS tunnel/Expert stuff/eTOF4 analysis/PEF2 wavelength/value,"(62,)","(62,)",uint32,float32,62,4330,0.014318706697459584,57,0.013163972286374134,0,sparse_train_indexed_monitor,62,62,1.0,0.0,0.0,0.0,0.0,0.0,1
/FL2/Photon Diagnostic/Wavelength/OPIS tunnel/Expert stuff/eTOF4 analysis/PEF3 tof,/FL2/Photon Diagnostic/Wavelength/OPIS tunnel/Expert stuff/eTOF4 analysis/PEF3 tof/index,/FL2/Photon Diagnostic/Wavelength/OPIS tunnel/Expert stuff/eTOF4 analysis/PEF3 tof/value,"(62,)","(62,)",uint32,float32,62,4330,0.014318706697459584,57,0.013163972286374134,0,sparse_train_indexed_monitor,62,62,1.0,0.0,0.0,0.0,0.0,0.0,1
/FL2/Photon Diagnostic/Wavelength/OPIS tunnel/Expert stuff/eTOF4 analysis/PEF3 wavelength,/FL2/Photon Diagnostic/Wavelength/OPIS tunnel/Expert stuff/eTOF4 analysis/PEF3 wavelength/index,/FL2/Photon Diagnostic/Wavelength/OPIS tunnel/Expert stuff/eTOF4 analysis/PEF3 wavelength/value,"(62,)","(62,)",uint32,float32,62,4330,0.014318706697459584,57,0.013163972286374134,0,sparse_train_indexed_monitor,62,62,1.0,0.0,0.0,0.0,0.0,0.0,1
/FL2/Photon Diagnostic/Wavelength/OPIS tunnel/Expert stuff/eTOF4 analysis/PEF4 tof,/FL2/Photon Diagnostic/Wavelength/OPIS tunnel/Expert stuff/eTOF4 analysis/PEF4 tof/index,/FL2/Photon Diagnostic/Wavelength/OPIS tunnel/Expert stuff/eTOF4 analysis/PEF4 tof/value,"(62,)","(62,)",uint32,float32,62,4330,0.014318706697459584,57,0.013163972286374134,0,sparse_train_indexed_monitor,62,62,1.0,0.0,0.0,0.0,0.0,0.0,1
/FL2/Photon Diagnostic/Wavelength/OPIS tunnel/Expert stuff/eTOF4 analysis/PEF4 wavelength,/FL2/Photon Diagnostic/Wavelength/OPIS tunnel/Expert stuff/eTOF4 analysis/PEF4 wavelength/index,/FL2/Photon Diagnostic/Wavelength/OPIS tunnel/Expert stuff/eTOF4 analysis/PEF4 wavelength/value,"(62,)","(62,)",uint32,float32,62,4330,0.014318706697459584,57,0.013163972286374134,0,sparse_train_indexed_monitor,62,62,1.0,0.0,0.0,0.0,0.0,0.0,1
/FL2/Photon Diagnostic/Wavelength/OPIS tunnel/Expert stuff/eTOF4 analysis/PEF5 tof,/FL2/Photon Diagnostic/Wavelength/OPIS tunnel/Expert stuff/eTOF4 analysis/PEF5 tof/index,/FL2/Photon Diagnostic/Wavelength/OPIS tunnel/Expert stuff/eTOF4 analysis/PEF5 tof/value,"(62,)","(62,)",uint32,float32,62,4330,0.014318706697459584,57,0.013163972286374134,0,sparse_train_indexed_monitor,62,62,1.0,0.0,0.0,0.0,0.0,0.0,1
/FL2/Photon Diagnostic/Wavelength/OPIS tunnel/Expert stuff/eTOF4 analysis/PEF5 wavelength,/FL2/Photon Diagnostic/Wavelength/OPIS tunnel/Expert stuff/eTOF4 analysis/PEF5 wavelength/index,/FL2/Photon Diagnostic/Wavelength/OPIS tunnel/Expert stuff/eTOF4 analysis/PEF5 wavelength/value,"(62,)","(62,)",uint32,float32,62,4330,0.014318706697459584,57,0.013163972286374134,0,sparse_train_indexed_monitor,62,62,1.0,0.0,0.0,0.0,0.0,0.0,1
/FL2/Photon Diagnostic/Wavelength/OPIS tunnel/Expert stuff/eTOF4 analysis/prompt position,/FL2/Photon Diagnostic/Wavelength/OPIS tunnel/Expert stuff/eTOF4 analysis/prompt position/index,/FL2/Photon Diagnostic/Wavelength/OPIS tunnel/Expert stuff/eTOF4 analysis/prompt position/value,"(62,)","(62,)",uint32,float32,62,4330,0.014318706697459584,57,0.013163972286374134,0,sparse_train_indexed_monitor,62,62,1.0,0.0,0.0,0.0,0.0,0.0,1
/FL2/Photon Diagnostic/Wavelength/OPIS tunnel/Expert stuff/eTOF4 voltages/MCP HV WrnErrStatus,/FL2/Photon Diagnostic/Wavelength/OPIS tunnel/Expert stuff/eTOF4 voltages/MCP HV WrnErrStatus/index,/FL2/Photon Diagnostic/Wavelength/OPIS tunnel/Expert stuff/eTOF4 voltages/MCP HV WrnErrStatus/value,"(62,)","(62,)",uint32,float32,62,4330,0.014318706697459584,57,0.013163972286374134,0,sparse_train_indexed_monitor,62,62,1.0,1.0,1.0,1.0,1.0,1.0,1
/FL2/Photon Diagnostic/Wavelength/OPIS tunnel/Expert stuff/eTOF4 voltages/Ret HV WrnErrStatus,/FL2/Photon Diagnostic/Wavelength/OPIS tunnel/Expert stuff/eTOF4 voltages/Ret HV WrnErrStatus/index,/FL2/Photon Diagnostic/Wavelength/OPIS tunnel/Expert stuff/eTOF4 voltages/Ret HV WrnErrStatus/value,"(62,)","(62,)",uint32,float32,62,4330,0.014318706697459584,57,0.013163972286374134,0,sparse_train_indexed_monitor,62,62,1.0,0.0,0.0,0.0,0.0,0.0,1
/FL2/Photon Diagnostic/Wavelength/OPIS tunnel/Expert stuff/eTOF4 voltages/Ret nominal set,/FL2/Photon Diagnostic/Wavelength/OPIS tunnel/Expert stuff/eTOF4 voltages/Ret nominal set/index,/FL2/Photon Diagnostic/Wavelength/OPIS tunnel/Expert stuff/eTOF4 voltages/Ret nominal set/value,"(62,)","(62,)",uint32,float32,62,4330,0.014318706697459584,57,0.013163972286374134,0,sparse_train_indexed_monitor,62,62,1.0,0.0,0.0,0.0,0.0,0.0,1
/FL2/Photon Diagnostic/Wavelength/OPIS tunnel/Processed/average-buffer size,/FL2/Photon Diagnostic/Wavelength/OPIS tunnel/Processed/average-buffer size/index,/FL2/Photon Diagnostic/Wavelength/OPIS tunnel/Processed/average-buffer size/value,"(62,)","(62,)",uint32,float32,62,4330,0.014318706697459584,57,0.013163972286374134,0,sparse_train_indexed_monitor,62,62,1.0,400.0,400.0,400.0,400.0,400.0,1
/FL2/Photon Diagnostic/Wavelength/OPIS tunnel/Processed/beam position x,/FL2/Photon Diagnostic/Wavelength/OPIS tunnel/Processed/beam position x/index,/FL2/Photon Diagnostic/Wavelength/OPIS tunnel/Processed/beam position x/value,"(62,)","(62,)",uint32,float32,62,4330,0.014318706697459584,57,0.013163972286374134,0,sparse_train_indexed_monitor,62,62,1.0,0.0,0.0,0.0,0.0,0.0,1
/FL2/Photon Diagnostic/Wavelength/OPIS tunnel/Processed/beam position y,/FL2/Photon Diagnostic/Wavelength/OPIS tunnel/Processed/beam position y/index,/FL2/Photon Diagnostic/Wavelength/OPIS tunnel/Processed/beam position y/value,"(62,)","(62,)",uint32,float32,62,4330,0.014318706697459584,57,0.013163972286374134,0,sparse_train_indexed_monitor,62,62,1.0,0.0,0.0,0.0,0.0,0.0,1
/FL2/Photon Diagnostic/Wavelength/OPIS tunnel/Processed/mean photon energy,/FL2/Photon Diagnostic/Wavelength/OPIS tunnel/Processed/mean photon energy/index,/FL2/Photon Diagnostic/Wavelength/OPIS tunnel/Processed/mean photon energy/value,"(62,)","(62,)",uint32,float32,62,4330,0.014318706697459584,57,0.013163972286374134,0,sparse_train_indexed_monitor,62,62,1.0,0.0,0.0,0.0,0.0,0.0,1
/FL2/Photon Diagnostic/Wavelength/OPIS tunnel/Processed/mean wavelength,/FL2/Photon Diagnostic/Wavelength/OPIS tunnel/Processed/mean wavelength/index,/FL2/Photon Diagnostic/Wavelength/OPIS tunnel/Processed/mean wavelength/value,"(62,)","(62,)",uint32,float32,62,4330,0.014318706697459584,57,0.013163972286374134,0,sparse_train_indexed_monitor,62,62,1.0,0.0,0.0,0.0,0.0,0.0,1
/FL2/Photon Diagnostic/Wavelength/OPIS tunnel/Processed/number of analysed bunch,/FL2/Photon Diagnostic/Wavelength/OPIS tunnel/Processed/number of analysed bunch/index,/FL2/Photon Diagnostic/Wavelength/OPIS tunnel/Processed/number of analysed bunch/value,"(62,)","(62,)",uint32,float32,62,4330,0.014318706697459584,57,0.013163972286374134,0,sparse_train_indexed_monitor,62,62,1.0,1.0,1.0,1.0,1.0,1.0,1
/FL2/Photon Diagnostic/Wavelength/OPIS tunnel/Raw data/Backplane trigger 3/delay,/FL2/Photon Diagnostic/Wavelength/OPIS tunnel/Raw data/Backplane trigger 3/delay/index,/FL2/Photon Diagnostic/Wavelength/OPIS tunnel/Raw data/Backplane trigger 3/delay/value,"(62,)","(62,)",uint32,float32,62,4330,0.014318706697459584,57,0.013163972286374134,0,sparse_train_indexed_monitor,62,62,1.0,336902.0,336902.0,336902.0,336902.0,336902.0,1
/FL2/Photon Diagnostic/Wavelength/OPIS tunnel/Raw data/Backplane trigger 5/delay,/FL2/Photon Diagnostic/Wavelength/OPIS tunnel/Raw data/Backplane trigger 5/delay/index,/FL2/Photon Diagnostic/Wavelength/OPIS tunnel/Raw data/Backplane trigger 5/delay/value,"(62,)","(62,)",uint32,float32,62,4330,0.014318706697459584,57,0.013163972286374134,0,sparse_train_indexed_monitor,62,62,1.0,0.0,0.0,0.0,0.0,0.0,1
/FL2/Support Infrastructure/Gotthard/delay,/FL2/Support Infrastructure/Gotthard/delay/index,/FL2/Support Infrastructure/Gotthard/delay/value,"(62,)","(62,)",uint32,float32,62,4330,0.014318706697459584,57,0.013163972286374134,0,sparse_train_indexed_monitor,62,62,1.0,186.0,186.0,186.0,186.0,186.0,1
/FL2/Support Infrastructure/Gotthard/exposure,/FL2/Support Infrastructure/Gotthard/exposure/index,/FL2/Support Infrastructure/Gotthard/exposure/value,"(62,)","(62,)",uint32,float32,62,4330,0.014318706697459584,57,0.013163972286374134,0,sparse_train_indexed_monitor,62,62,1.0,965.0,965.0,965.0,965.0,965.0,1
/FL2/Support Infrastructure/Gotthard/frames,/FL2/Support Infrastructure/Gotthard/frames/index,/FL2/Support Infrastructure/Gotthard/frames/value,"(62,)","(62,)",uint32,float32,62,4330,0.014318706697459584,57,0.013163972286374134,0,sparse_train_indexed_monitor,62,62,1.0,110.0,110.0,110.0,110.0,110.0,1
/FL2/Support Infrastructure/Gotthard/images,/FL2/Support Infrastructure/Gotthard/images/index,/FL2/Support Infrastructure/Gotthard/images/value,"(4330,)","(4330, 110, 1280)",uint32,uint16,4330,4330,1.0,4330,1.0,1,gotthard_master_image,140800,140800,1.0,1215.0,2654.0,2919.0,4792.0,51914.0,2687
/FL2/Support Infrastructure/Gotthard/period,/FL2/Support Infrastructure/Gotthard/period/index,/FL2/Support Infrastructure/Gotthard/period/value,"(62,)","(62,)",uint32,float32,62,4330,0.014318706697459584,57,0.013163972286374134,0,sparse_train_indexed_monitor,62,62,1.0,3987.0,3987.0,3987.0,3987.0,3987.0,1
/Timing/bunch pattern,/Timing/bunch pattern/index,/Timing/bunch pattern/value,"(4513,)","(4513, 7222)",uint32,float32,4513,4330,1.0422632794457274,4330,1.0,0,train_resolved_array,194994,194994,1.0,-7.368671922713478e-40,0.0,0.0,2.3514191805328156e-38,2.3514191805328156e-38,6
/Timing/event ID,/Timing/event ID/index,/Timing/event ID/value,"(4513,)","(4513,)",uint32,int64,4513,4330,1.0422632794457274,4330,1.0,0,train_resolved_scalar,4513,4513,1.0,2657120149.0,2657120194.12,2657122405.0,2657124615.88,2657124661.0,4513
/Timing/set number of bunches flash1,/Timing/set number of bunches flash1/index,/Timing/set number of bunches flash1/value,"(4513,)","(4513, 4)",uint32,float32,4513,4330,1.0422632794457274,4330,1.0,0,train_resolved_matrix_small_axis,18052,18052,1.0,0.0,0.0,0.0,1215.0,1215.0,2
/Timing/set number of bunches flash2,/Timing/set number of bunches flash2/index,/Timing/set number of bunches flash2/value,"(4513,)","(4513, 4)",uint32,float32,4513,4330,1.0422632794457274,4330,1.0,0,train_resolved_matrix_small_axis,18052,18052,1.0,30.0,30.0,625.5,6007.0,6007.0,4
/Timing/set repetition rate flash1,/Timing/set repetition rate flash1/index,/Timing/set repetition rate flash1/value,"(4513,)","(4513,)",uint32,float64,4513,4330,1.0422632794457274,4330,1.0,0,train_resolved_scalar,4513,4513,1.0,0.0,0.0,0.0,0.0,0.0,1
/Timing/set repetition rate flash2,/Timing/set repetition rate flash2/index,/Timing/set repetition rate flash2/value,"(4513,)","(4513,)",uint32,float64,4513,4330,1.0422632794457274,4330,1.0,0,train_resolved_scalar,4513,4513,1.0,250.77159118652344,250.77159118652344,250.77159118652344,250.77159118652344,250.77159118652344,1
/uncategorised/FLASH.DAQ/FL2USER1.DAQ.FSM/RT.RT/Z_POS,/uncategorised/FLASH.DAQ/FL2USER1.DAQ.FSM/RT.RT/Z_POS/index,/uncategorised/FLASH.DAQ/FL2USER1.DAQ.FSM/RT.RT/Z_POS/value,"(62,)","(62,)",uint32,float32,62,4330,0.014318706697459584,57,0.013163972286374134,0,sparse_train_indexed_monitor,62,62,1.0,0.0,0.0,0.0,0.0,0.0,1
/uncategorised/FLASH.DAQ/FL2USER1.DISTRIBUTOR/DAQ.EXP/EVB.EV.MASK,/uncategorised/FLASH.DAQ/FL2USER1.DISTRIBUTOR/DAQ.EXP/EVB.EV.MASK/index,/uncategorised/FLASH.DAQ/FL2USER1.DISTRIBUTOR/DAQ.EXP/EVB.EV.MASK/value,"(62,)","(62,)",uint32,float32,62,4330,0.014318706697459584,57,0.013163972286374134,0,sparse_train_indexed_monitor,62,62,1.0,0.0,0.0,0.0,0.0,0.0,1
/uncategorised/FLASH.DAQ/FL2USER1.DISTRIBUTOR/DAQ.EXP/EVB.EVENTS,/uncategorised/FLASH.DAQ/FL2USER1.DISTRIBUTOR/DAQ.EXP/EVB.EVENTS/index,/uncategorised/FLASH.DAQ/FL2USER1.DISTRIBUTOR/DAQ.EXP/EVB.EVENTS/value,"(492,)","(492,)",uint32,float32,492,4330,0.11362586605080831,463,0.10692840646651271,0,sparse_train_indexed_monitor,492,492,1.0,0.0,4.91,2465.5,4976.99,5031.0,492
/uncategorised/FLASH.DIAG/TIMINGINFO/TIME1.BUNCH.POSITION.1.NATIVE,/uncategorised/FLASH.DIAG/TIMINGINFO/TIME1.BUNCH.POSITION.1.NATIVE/index,/uncategorised/FLASH.DIAG/TIMINGINFO/TIME1.BUNCH.POSITION.1.NATIVE/value,"(4513,)","(4513, 4)",uint32,float32,4513,4330,1.0422632794457274,4330,1.0,0,train_resolved_matrix_small_axis,18052,18052,1.0,0.0,0.0,67.79230499267578,700.0,700.0,4
/uncategorised/FLASH.DIAG/TIMINGINFO/TIME1.BUNCH.POSITION.2.NATIVE,/uncategorised/FLASH.DIAG/TIMINGINFO/TIME1.BUNCH.POSITION.2.NATIVE/index,/uncategorised/FLASH.DIAG/TIMINGINFO/TIME1.BUNCH.POSITION.2.NATIVE/value,"(4513,)","(4513, 4)",uint32,float32,4513,4330,1.0422632794457274,4330,1.0,0,train_resolved_matrix_small_axis,18052,18052,1.0,0.0,0.0,333.19537353515625,834.5845947265625,834.5845947265625,4
/uncategorised/FLASH.DIAG/TIMINGINFO/TIME1.BUNCH.POSITION.3.NATIVE,/uncategorised/FLASH.DIAG/TIMINGINFO/TIME1.BUNCH.POSITION.3.NATIVE/index,/uncategorised/FLASH.DIAG/TIMINGINFO/TIME1.BUNCH.POSITION.3.NATIVE/value,"(4513,)","(4513, 4)",uint32,float32,4513,4330,1.0422632794457274,4330,1.0,0,train_resolved_matrix_small_axis,18052,18052,1.0,0.0,0.0,0.0,1499.975341796875,1499.975341796875,2
/uncategorised/FLASH.DIAG/TIMINGINFO/TIME1.BUNCH_PATTERN_NATIVE,/uncategorised/FLASH.DIAG/TIMINGINFO/TIME1.BUNCH_PATTERN_NATIVE/index,/uncategorised/FLASH.DIAG/TIMINGINFO/TIME1.BUNCH_PATTERN_NATIVE/value,"(4513,)","(4513,)",uint32,int32,4513,4330,1.0422632794457274,4330,1.0,0,train_resolved_scalar,4513,4513,1.0,1536.0,1536.0,1536.0,1536.0,1536.0,1
/uncategorised/FLASH.DIAG/TIMINGINFO/TIME1.REP_RATE_KHZ.3,/uncategorised/FLASH.DIAG/TIMINGINFO/TIME1.REP_RATE_KHZ.3/index,/uncategorised/FLASH.DIAG/TIMINGINFO/TIME1.REP_RATE_KHZ.3/value,"(4513,)","(4513,)",uint32,float64,4513,4330,1.0422632794457274,4330,1.0,0,train_resolved_scalar,4513,4513,1.0,0.0,0.0,0.0,0.0,0.0,1
/uncategorised/FLASH.DIAG/TOROID/18FL2EXTR,/uncategorised/FLASH.DIAG/TOROID/18FL2EXTR/index,/uncategorised/FLASH.DIAG/TOROID/18FL2EXTR/value,"(4513,)","(4513, 802)",uint32,float32,4513,4330,1.0422632794457274,4330,1.0,0,train_resolved_array,199698,199698,1.0,-0.0009500000160187483,-0.00044999999227002263,0.0,0.09929999709129333,0.10199999809265137,132
/uncategorised/FLASH.DIAG/TOROID/1FL0UBC2,/uncategorised/FLASH.DIAG/TOROID/1FL0UBC2/index,/uncategorised/FLASH.DIAG/TOROID/1FL0UBC2/value,"(4513,)","(4513, 802)",uint32,float32,4513,4330,1.0422632794457274,4330,1.0,0,train_resolved_array,199698,199698,1.0,-0.0007999999797903001,-0.00039999998989515007,0.0,0.10055000334978104,0.10300000011920929,130
/uncategorised/FLASH.DIAG/TOROID/1FL1DIAG,/uncategorised/FLASH.DIAG/TOROID/1FL1DIAG/index,/uncategorised/FLASH.DIAG/TOROID/1FL1DIAG/value,"(4513,)","(4513, 802)",uint32,float32,4513,4330,1.0422632794457274,4330,1.0,0,train_resolved_array,199698,199698,1.0,-0.000750000006519258,-0.00044999999227002263,0.0,0.00039999998989515007,0.0007999999797903001,32
/uncategorised/FLASH.DIAG/TOROID/4FL0EXTR,/uncategorised/FLASH.DIAG/TOROID/4FL0EXTR/index,/uncategorised/FLASH.DIAG/TOROID/4FL0EXTR/value,"(4513,)","(4513, 802)",uint32,float32,4513,4330,1.0422632794457274,4330,1.0,0,train_resolved_array,199698,199698,1.0,-0.0007999999797903001,-0.00044999999227002263,0.0,0.09905000030994415,0.10140000283718109,125
/uncategorised/FLASH.DIAG/TOROID/4FL1LOLA,/uncategorised/FLASH.DIAG/TOROID/4FL1LOLA/index,/uncategorised/FLASH.DIAG/TOROID/4FL1LOLA/value,"(4513,)","(4513, 802)",uint32,float32,4513,4330,1.0422632794457274,4330,1.0,0,train_resolved_array,199698,199698,1.0,-0.0007999999797903001,-0.00039999998989515007,0.0,0.0003499999875202775,0.0006500000017695129,29
/uncategorised/FLASH.DIAG/TOROID/4FL2EXTR,/uncategorised/FLASH.DIAG/TOROID/4FL2EXTR/index,/uncategorised/FLASH.DIAG/TOROID/4FL2EXTR/value,"(4513,)","(4513, 802)",uint32,float32,4513,4330,1.0422632794457274,4330,1.0,0,train_resolved_array,199698,199698,1.0,-0.000750000006519258,-0.00039999998989515007,0.0,0.10085000097751617,0.10339999943971634,125
/uncategorised/FLASH.DIAG/TOROID/6FL1DIAG,/uncategorised/FLASH.DIAG/TOROID/6FL1DIAG/index,/uncategorised/FLASH.DIAG/TOROID/6FL1DIAG/value,"(4513,)","(4513, 802)",uint32,float32,4513,4330,1.0422632794457274,4330,1.0,0,train_resolved_array,199698,199698,1.0,-0.0009500000160187483,-0.00044999999227002263,0.0,0.00039999998989515007,0.0007999999797903001,33
/uncategorised/FLASH.DIAG/TOROID/8FL0DBC1,/uncategorised/FLASH.DIAG/TOROID/8FL0DBC1/index,/uncategorised/FLASH.DIAG/TOROID/8FL0DBC1/value,"(4513,)","(4513, 802)",uint32,float32,4513,4330,1.0422632794457274,4330,1.0,0,train_resolved_array,199698,199698,1.0,-0.000750000006519258,-0.00039999998989515007,0.0,0.10019999742507935,0.1026500016450882,124
/uncategorised/FLASH.FEL/FL24.MOTOR/MOTOR3.MOT1/FODOMETER,/uncategorised/FLASH.FEL/FL24.MOTOR/MOTOR3.MOT1/FODOMETER/index,/uncategorised/FLASH.FEL/FL24.MOTOR/MOTOR3.MOT1/FODOMETER/value,"(62,)","(62,)",uint32,float32,62,4330,0.014318706697459584,57,0.013163972286374134,0,sparse_train_indexed_monitor,62,62,1.0,-9254.669921875,-9254.669921875,-9254.669921875,-9254.669921875,-9254.669921875,1
/uncategorised/FLASH.FEL/FL26.VACUUM/REMI.BEAMLINE/OPCUA.fbPGas1_BL_8_3.fPressureMBar,/uncategorised/FLASH.FEL/FL26.VACUUM/REMI.BEAMLINE/OPCUA.fbPGas1_BL_8_3.fPressureMBar/index,/uncategorised/FLASH.FEL/FL26.VACUUM/REMI.BEAMLINE/OPCUA.fbPGas1_BL_8_3.fPressureMBar/value,"(444,)","(444,)",uint32,float32,444,4330,0.10254041570438799,418,0.09653579676674365,0,sparse_train_indexed_monitor,444,444,1.0,8.544921875,8.6212158203125,9.0789794921875,9.613037109375,9.765625,15
/uncategorised/FLASH.FEL/FL26.VACUUM/REMI.BEAMLINE/OPCUA.fbPGas2_BL_8_3.fPressureMBar,/uncategorised/FLASH.FEL/FL26.VACUUM/REMI.BEAMLINE/OPCUA.fbPGas2_BL_8_3.fPressureMBar/index,/uncategorised/FLASH.FEL/FL26.VACUUM/REMI.BEAMLINE/OPCUA.fbPGas2_BL_8_3.fPressureMBar/value,"(301,)","(301,)",uint32,float32,301,4330,0.06951501154734412,277,0.06397228637413395,0,sparse_train_indexed_monitor,301,301,1.0,1745.2239990234375,1745.3004150390625,1745.529052734375,1745.60546875,1745.60546875,5
/uncategorised/FLASH.FEL/FL26.VACUUM/REMI.BEAMLINE/OPCUA.fbV_BL_1.bClosed,/uncategorised/FLASH.FEL/FL26.VACUUM/REMI.BEAMLINE/OPCUA.fbV_BL_1.bClosed/index,/uncategorised/FLASH.FEL/FL26.VACUUM/REMI.BEAMLINE/OPCUA.fbV_BL_1.bClosed/value,"(62,)","(62,)",uint32,float32,62,4330,0.014318706697459584,57,0.013163972286374134,0,sparse_train_indexed_monitor,62,62,1.0,0.0,0.0,0.0,0.0,0.0,1
/uncategorised/FLASH.FEL/FL26.VACUUM/REMI.BEAMLINE/OPCUA.fbV_BL_1.bOpen,/uncategorised/FLASH.FEL/FL26.VACUUM/REMI.BEAMLINE/OPCUA.fbV_BL_1.bOpen/index,/uncategorised/FLASH.FEL/FL26.VACUUM/REMI.BEAMLINE/OPCUA.fbV_BL_1.bOpen/value,"(62,)","(62,)",uint32,float32,62,4330,0.014318706697459584,57,0.013163972286374134,0,sparse_train_indexed_monitor,62,62,1.0,1.0,1.0,1.0,1.0,1.0,1
/uncategorised/FLASH.FEL/FL26.VACUUM/REMI.BL5/OPCUA.stUHVG_BL_5_1.fPressure,/uncategorised/FLASH.FEL/FL26.VACUUM/REMI.BL5/OPCUA.stUHVG_BL_5_1.fPressure/index,/uncategorised/FLASH.FEL/FL26.VACUUM/REMI.BL5/OPCUA.stUHVG_BL_5_1.fPressure/value,"(409,)","(409,)",uint32,float32,409,4330,0.09445727482678984,388,0.08960739030023095,0,sparse_train_indexed_monitor,409,409,1.0,2.76240020441465e-11,2.763624107338103e-11,2.779099866900836e-11,2.7965360999138157e-11,2.7992001078169793e-11,80
/uncategorised/FLASH.FEL/FL26.VACUUM/REMI.BL5/OPCUA.stUHVG_BL_5_2.fPressure,/uncategorised/FLASH.FEL/FL26.VACUUM/REMI.BL5/OPCUA.stUHVG_BL_5_2.fPressure/index,/uncategorised/FLASH.FEL/FL26.VACUUM/REMI.BL5/OPCUA.stUHVG_BL_5_2.fPressure/value,"(62,)","(62,)",uint32,float32,62,4330,0.014318706697459584,57,0.013163972286374134,0,sparse_train_indexed_monitor,62,62,1.0,0.0,0.0,0.0,0.0,0.0,1
/uncategorised/FLASH.FEL/FL26.VACUUM/REMI.BL5/OPCUA.stUHVG_BL_5_3.fPressure,/uncategorised/FLASH.FEL/FL26.VACUUM/REMI.BL5/OPCUA.stUHVG_BL_5_3.fPressure/index,/uncategorised/FLASH.FEL/FL26.VACUUM/REMI.BL5/OPCUA.stUHVG_BL_5_3.fPressure/value,"(62,)","(62,)",uint32,float32,62,4330,0.014318706697459584,57,0.013163972286374134,0,sparse_train_indexed_monitor,62,62,1.0,0.0,0.0,0.0,0.0,0.0,1
/uncategorised/FLASH.FEL/FL26.VACUUM/REMI.BL5/OPCUA.stUHVG_BL_5_4.fPressure,/uncategorised/FLASH.FEL/FL26.VACUUM/REMI.BL5/OPCUA.stUHVG_BL_5_4.fPressure/index,/uncategorised/FLASH.FEL/FL26.VACUUM/REMI.BL5/OPCUA.stUHVG_BL_5_4.fPressure/value,"(62,)","(62,)",uint32,float32,62,4330,0.014318706697459584,57,0.013163972286374134,0,sparse_train_indexed_monitor,62,62,1.0,0.0,0.0,0.0,0.0,0.0,1
/uncategorised/FLASH.FEL/FL26.VACUUM/REMI.BL78/OPCUA.fbUHVG_BL_8_1.fPressureMBar,/uncategorised/FLASH.FEL/FL26.VACUUM/REMI.BL78/OPCUA.fbUHVG_BL_8_1.fPressureMBar/index,/uncategorised/FLASH.FEL/FL26.VACUUM/REMI.BL78/OPCUA.fbUHVG_BL_8_1.fPressureMBar/value,"(62,)","(62,)",uint32,float32,62,4330,0.014318706697459584,57,0.013163972286374134,0,sparse_train_indexed_monitor,62,62,1.0,0.0,0.0,0.0,0.0,0.0,1
/uncategorised/FLASH.FEL/FL26.VACUUM/REMI.HG0/OPCUA.fbUHVG_HG_0_1.fPressureMBar,/uncategorised/FLASH.FEL/FL26.VACUUM/REMI.HG0/OPCUA.fbUHVG_HG_0_1.fPressureMBar/index,/uncategorised/FLASH.FEL/FL26.VACUUM/REMI.HG0/OPCUA.fbUHVG_HG_0_1.fPressureMBar/value,"(360,)","(360,)",uint32,float32,360,4330,0.08314087759815242,339,0.07829099307159354,0,sparse_train_indexed_monitor,360,360,1.0,3.5210086934966967e-07,3.525881876953463e-07,3.537547286214249e-07,3.5416900345808244e-07,3.5458415936773235e-07,6
/uncategorised/FLASH.FEL/FL26.VACUUM/REMI.JS0/OPCUA.fbUHVG_JS_0_1.fPressureMBar,/uncategorised/FLASH.FEL/FL26.VACUUM/REMI.JS0/OPCUA.fbUHVG_JS_0_1.fPressureMBar/index,/uncategorised/FLASH.FEL/FL26.VACUUM/REMI.JS0/OPCUA.fbUHVG_JS_0_1.fPressureMBar/value,"(450,)","(450,)",uint32,float32,450,4330,0.10392609699769054,425,0.09815242494226328,0,sparse_train_indexed_monitor,450,450,1.0,1.0941138128828243e-07,1.095138983941979e-07,1.1023458057479729e-07,1.1116804898847477e-07,1.114809577984488e-07,19
/uncategorised/FLASH.FEL/FL26.VACUUM/REMI.JS3/OPCUA.stUHVG_JS_3_1.fPressure,/uncategorised/FLASH.FEL/FL26.VACUUM/REMI.JS3/OPCUA.stUHVG_JS_3_1.fPressure/index,/uncategorised/FLASH.FEL/FL26.VACUUM/REMI.JS3/OPCUA.stUHVG_JS_3_1.fPressure/value,"(410,)","(410,)",uint32,float32,410,4330,0.09468822170900693,386,0.08914549653579677,0,sparse_train_indexed_monitor,410,410,1.0,1.1307999675524982e-11,1.1323999030143916e-11,1.1420999562750112e-11,1.155428925279922e-11,1.1563999757768784e-11,60
/uncategorised/FLASH.FEL/FL26.VACUUM/REMI.JS3/OPCUA.stUHVG_JS_3_2.fPressure,/uncategorised/FLASH.FEL/FL26.VACUUM/REMI.JS3/OPCUA.stUHVG_JS_3_2.fPressure/index,/uncategorised/FLASH.FEL/FL26.VACUUM/REMI.JS3/OPCUA.stUHVG_JS_3_2.fPressure/value,"(62,)","(62,)",uint32,float32,62,4330,0.014318706697459584,57,0.013163972286374134,0,sparse_train_indexed_monitor,62,62,1.0,0.0,0.0,0.0,0.0,0.0,1
/uncategorised/FLASH.FEL/TIMER/F2PPLASERA/FRONT.TRG1.DELAY,/uncategorised/FLASH.FEL/TIMER/F2PPLASERA/FRONT.TRG1.DELAY/index,/uncategorised/FLASH.FEL/TIMER/F2PPLASERA/FRONT.TRG1.DELAY/value,"(62,)","(62,)",uint32,float32,62,4330,0.014318706697459584,57,0.013163972286374134,0,sparse_train_indexed_monitor,62,62,1.0,0.0,0.0,0.0,0.0,0.0,1
/uncategorised/FLASH.FEL/TIMER/F2PPLASERA/FRONT.TRG1.FDELAY,/uncategorised/FLASH.FEL/TIMER/F2PPLASERA/FRONT.TRG1.FDELAY/index,/uncategorised/FLASH.FEL/TIMER/F2PPLASERA/FRONT.TRG1.FDELAY/value,"(62,)","(62,)",uint32,float32,62,4330,0.014318706697459584,57,0.013163972286374134,0,sparse_train_indexed_monitor,62,62,1.0,0.0,0.0,0.0,0.0,0.0,1
/uncategorised/FLASH.FEL/TIMER/F2PPLASERA/FRONT.TRG2.DELAY,/uncategorised/FLASH.FEL/TIMER/F2PPLASERA/FRONT.TRG2.DELAY/index,/uncategorised/FLASH.FEL/TIMER/F2PPLASERA/FRONT.TRG2.DELAY/value,"(62,)","(62,)",uint32,float32,62,4330,0.014318706697459584,57,0.013163972286374134,0,sparse_train_indexed_monitor,62,62,1.0,0.0,0.0,0.0,0.0,0.0,1
/uncategorised/FLASH.FEL/TIMER/F2PPLASERA/FRONT.TRG2.FDELAY,/uncategorised/FLASH.FEL/TIMER/F2PPLASERA/FRONT.TRG2.FDELAY/index,/uncategorised/FLASH.FEL/TIMER/F2PPLASERA/FRONT.TRG2.FDELAY/value,"(62,)","(62,)",uint32,float32,62,4330,0.014318706697459584,57,0.013163972286374134,0,sparse_train_indexed_monitor,62,62,1.0,0.0,0.0,0.0,0.0,0.0,1
/uncategorised/FLASH.UTIL/STORE/FL2.TUNNEL.OPIS/VAL370,/uncategorised/FLASH.UTIL/STORE/FL2.TUNNEL.OPIS/VAL370/index,/uncategorised/FLASH.UTIL/STORE/FL2.TUNNEL.OPIS/VAL370/value,"(62,)","(62,)",uint32,float32,62,4330,0.014318706697459584,57,0.013163972286374134,0,sparse_train_indexed_monitor,62,62,1.0,0.0,0.0,0.0,0.0,0.0,1
/uncategorised/FLASH.UTIL/STORE/FL2.TUNNEL.OPIS/VAL371,/uncategorised/FLASH.UTIL/STORE/FL2.TUNNEL.OPIS/VAL371/index,/uncategorised/FLASH.UTIL/STORE/FL2.TUNNEL.OPIS/VAL371/value,"(62,)","(62,)",uint32,float32,62,4330,0.014318706697459584,57,0.013163972286374134,0,sparse_train_indexed_monitor,62,62,1.0,0.0,0.0,0.0,0.0,0.0,1
/uncategorised/FLASH.UTIL/STORE/FL2.TUNNEL.OPIS/VAL372,/uncategorised/FLASH.UTIL/STORE/FL2.TUNNEL.OPIS/VAL372/index,/uncategorised/FLASH.UTIL/STORE/FL2.TUNNEL.OPIS/VAL372/value,"(62,)","(62,)",uint32,float32,62,4330,0.014318706697459584,57,0.013163972286374134,0,sparse_train_indexed_monitor,62,62,1.0,0.0,0.0,0.0,0.0,0.0,1
/uncategorised/FLASH.UTIL/STORE/FL2.TUNNEL.OPIS/VAL373,/uncategorised/FLASH.UTIL/STORE/FL2.TUNNEL.OPIS/VAL373/index,/uncategorised/FLASH.UTIL/STORE/FL2.TUNNEL.OPIS/VAL373/value,"(62,)","(62,)",uint32,float32,62,4330,0.014318706697459584,57,0.013163972286374134,0,sparse_train_indexed_monitor,62,62,1.0,0.0,0.0,0.0,0.0,0.0,1
/uncategorised/FLASH.UTIL/STORE/FL2.TUNNEL.OPIS/VAL374,/uncategorised/FLASH.UTIL/STORE/FL2.TUNNEL.OPIS/VAL374/index,/uncategorised/FLASH.UTIL/STORE/FL2.TUNNEL.OPIS/VAL374/value,"(62,)","(62,)",uint32,float32,62,4330,0.014318706697459584,57,0.013163972286374134,0,sparse_train_indexed_monitor,62,62,1.0,0.0,0.0,0.0,0.0,0.0,1
/uncategorised/FLASH.UTIL/STORE/FL2.TUNNEL.OPIS/VAL375,/uncategorised/FLASH.UTIL/STORE/FL2.TUNNEL.OPIS/VAL375/index,/uncategorised/FLASH.UTIL/STORE/FL2.TUNNEL.OPIS/VAL375/value,"(62,)","(62,)",uint32,float32,62,4330,0.014318706697459584,57,0.013163972286374134,0,sparse_train_indexed_monitor,62,62,1.0,0.0,0.0,0.0,0.0,0.0,1
/uncategorised/FLASH.UTIL/STORE/FL2.TUNNEL.OPIS/VAL376,/uncategorised/FLASH.UTIL/STORE/FL2.TUNNEL.OPIS/VAL376/index,/uncategorised/FLASH.UTIL/STORE/FL2.TUNNEL.OPIS/VAL376/value,"(62,)","(62,)",uint32,float32,62,4330,0.014318706697459584,57,0.013163972286374134,0,sparse_train_indexed_monitor,62,62,1.0,0.0,0.0,0.0,0.0,0.0,1
/uncategorised/FLASH.UTIL/STORE/FL2.TUNNEL.OPIS/VAL377,/uncategorised/FLASH.UTIL/STORE/FL2.TUNNEL.OPIS/VAL377/index,/uncategorised/FLASH.UTIL/STORE/FL2.TUNNEL.OPIS/VAL377/value,"(62,)","(62,)",uint32,float32,62,4330,0.014318706697459584,57,0.013163972286374134,0,sparse_train_indexed_monitor,62,62,1.0,0.0,0.0,0.0,0.0,0.0,1
/uncategorised/FLASH.UTIL/STORE/FL2.TUNNEL.OPIS/VAL378,/uncategorised/FLASH.UTIL/STORE/FL2.TUNNEL.OPIS/VAL378/index,/uncategorised/FLASH.UTIL/STORE/FL2.TUNNEL.OPIS/VAL378/value,"(62,)","(62,)",uint32,float32,62,4330,0.014318706697459584,57,0.013163972286374134,0,sparse_train_indexed_monitor,62,62,1.0,0.0,0.0,0.0,0.0,0.0,1
/uncategorised/FLASH.UTIL/STORE/FL2.TUNNEL.OPIS/VAL379,/uncategorised/FLASH.UTIL/STORE/FL2.TUNNEL.OPIS/VAL379/index,/uncategorised/FLASH.UTIL/STORE/FL2.TUNNEL.OPIS/VAL379/value,"(62,)","(62,)",uint32,float32,62,4330,0.014318706697459584,57,0.013163972286374134,0,sparse_train_indexed_monitor,62,62,1.0,0.0,0.0,0.0,0.0,0.0,1
/uncategorised/FLASH.UTIL/STORE/FL2.TUNNEL.OPIS/VAL470,/uncategorised/FLASH.UTIL/STORE/FL2.TUNNEL.OPIS/VAL470/index,/uncategorised/FLASH.UTIL/STORE/FL2.TUNNEL.OPIS/VAL470/value,"(62,)","(62,)",uint32,float32,62,4330,0.014318706697459584,57,0.013163972286374134,0,sparse_train_indexed_monitor,62,62,1.0,0.0,0.0,0.0,0.0,0.0,1
/uncategorised/FLASH.UTIL/STORE/FL2.TUNNEL.OPIS/VAL471,/uncategorised/FLASH.UTIL/STORE/FL2.TUNNEL.OPIS/VAL471/index,/uncategorised/FLASH.UTIL/STORE/FL2.TUNNEL.OPIS/VAL471/value,"(62,)","(62,)",uint32,float32,62,4330,0.014318706697459584,57,0.013163972286374134,0,sparse_train_indexed_monitor,62,62,1.0,0.0,0.0,0.0,0.0,0.0,1
/uncategorised/FLASH.UTIL/STORE/FL2.TUNNEL.OPIS/VAL472,/uncategorised/FLASH.UTIL/STORE/FL2.TUNNEL.OPIS/VAL472/index,/uncategorised/FLASH.UTIL/STORE/FL2.TUNNEL.OPIS/VAL472/value,"(62,)","(62,)",uint32,float32,62,4330,0.014318706697459584,57,0.013163972286374134,0,sparse_train_indexed_monitor,62,62,1.0,0.0,0.0,0.0,0.0,0.0,1
/uncategorised/FLASH.UTIL/STORE/FL2.TUNNEL.OPIS/VAL473,/uncategorised/FLASH.UTIL/STORE/FL2.TUNNEL.OPIS/VAL473/index,/uncategorised/FLASH.UTIL/STORE/FL2.TUNNEL.OPIS/VAL473/value,"(62,)","(62,)",uint32,float32,62,4330,0.014318706697459584,57,0.013163972286374134,0,sparse_train_indexed_monitor,62,62,1.0,0.0,0.0,0.0,0.0,0.0,1
/uncategorised/FLASH.UTIL/STORE/FL2.TUNNEL.OPIS/VAL474,/uncategorised/FLASH.UTIL/STORE/FL2.TUNNEL.OPIS/VAL474/index,/uncategorised/FLASH.UTIL/STORE/FL2.TUNNEL.OPIS/VAL474/value,"(62,)","(62,)",uint32,float32,62,4330,0.014318706697459584,57,0.013163972286374134,0,sparse_train_indexed_monitor,62,62,1.0,0.0,0.0,0.0,0.0,0.0,1
